year,id,word_count,cooccur_topic2_little,cooccur_topic1_house,cooccur_topic4_range,cooccur_topic4_land,cooccur_topic3_public,smallpox_burial_cooccurrences,cooccur_topic5_would,cooccur_topic1_good,smallpox_sick_cooccurrences,smallpox_pandemic_cooccurrences,smallpox_outbreak_cooccurrences,cooccur_topic3_dollar,cooccur_topic4_black,cooccur_topic2_court,smallpox_epidemic_cooccurrences,cooccur_topic5_upon,cooccur_topic2_county,smallpox_death_cooccurrences,cooccur_topic5_great,cooccur_topic5_state,smallpox_died_cooccurrences,cooccur_topic4_township,smallpox_plague_cooccurrences,cooccur_topic4_said,cooccur_topic5_people,cooccur_topic1_time,cooccur_topic3_shall,cooccur_topic3_hundred,topic_1_prob,topic_2_prob,topic_3_prob,topic_4_prob,topic_5_prob
1830,4_1830-04-22_p2_sn84020071_00414182938_1830042201_0258,405,0,0,0,0,0,0,0,0,0,0,0,0,0,0,0,0,0,0,0,0,0,0,0,0,0,0,0,0,0.0011439868,0.00069325,0.000510346,0.0004101244,0.9972423
1830,29_1830-09-15_p4_sn87062070_0039334295A_1830091501_0105,36,0,0,0,0,0,0,0,0,0,0,0,0,0,0,0,0,0,0,0,0,0,0,0,0,0,0,0,0,0.013498509,0.59623325,0.38123187,0.0049139555,0.004122467
1830,10_1830-05-13_p2_sn84020071_00414182938_1830051301_0270,38,0,0,0,0,0,0,0,0,0,0,0,0,0,0,0,0,0,0,0,0,0,0,0,0,0,0,0,0,0.01920494,0.010721271,0.008091274,0.006476809,0.9555057
1830,2_1830-12-08_p1_sn87062070_0039334295A_1830120801_0150,36,0,0,0,0,0,0,0,0,0,0,0,0,0,0,0,0,0,0,0,0,0,0,0,0,0,0,0,0,0.011014428,0.3074093,0.005085525,0.0040733195,0.67241746
1830,27_1830-09-29_p3_sn87062070_0039334295A_1830092901_0112,22,0,0,0,0,0,0,0,0,0,0,0,0,0,0,0,0,0,0,0,0,0,0,0,0,0,0,0,0,0.017671617,0.0113505265,0.95904493,0.0064998153,0.0054331054
1830,8_1830-08-19_p1_sn84020071_00414182938_1830081901_0325,351,0,0,0,0,0,0,0,0,0,0,0,0,0,0,0,0,0,0,0,0,0,0,0,0,0,0,0,0,0.51584864,0.0007964905,0.0005928658,0.00047581593,0.4822863
1830,13_1830-09-15_p3_sn87062070_0039334295A_1830091501_0104,110,0,0,0,0,0,0,0,0,0,0,0,0,0,0,0,0,0,0,0,0,0,0,0,0,0,0,0,0,0.0040026614,0.7174501,0.0019978455,0.2752068,0.0013426475
1830,3_1830-07-28_p2_sn87062070_0039334295A_1830072801_0075,287,0,0,0,0,0,0,0,0,0,0,0,0,0,0,0,0,0,0,0,0,0,0,0,0,0,0,0,0,0.12004856,0.001095309,0.20150025,0.00064610614,0.6767097
1830,5_1830-10-28_p3_sn84020071_00414182938_1830102801_0367,101,0,0,0,0,0,0,0,0,0,0,0,0,0,0,0,0,0,0,0,0,0,0,0,0,0,0,0,0,0.3748076,0.61577314,0.0038432153,0.0030305427,0.0025454445
1830,4_1830-09-23_p2_sn84020071_00414182938_1830092301_0346,402,0,0,0,0,0,0,0,0,0,0,0,0,0,0,0,0,0,0,0,0,0,0,0,0,0,0,0,0,0.0011182755,0.00069328386,0.000512209,0.00040893542,0.9972673
1830,13_1830-11-03_p3_sn87062070_0039334295A_1830110301_0132,9,0,0,0,0,0,0,0,0,0,0,0,0,0,0,0,0,0,0,0,0,0,0,0,0,0,0,0,0,0.042973198,0.90755665,0.020326523,0.01586049,0.013283094
1830,4_1830-02-18_p3_sn84020071_00414182938_1830021801_0223,131,0,0,0,0,0,0,0,0,0,0,0,0,0,0,0,0,0,0,0,0,0,0,0,0,0,0,0,0,0.64092195,0.35352248,0.0022389882,0.0018032828,0.0015131837
1830,4_1830-05-12_p2_sn87062070_0039334295A_1830051201_0031,327,0,0,0,0,0,0,0,0,0,0,0,0,0,0,0,0,0,0,0,0,0,0,0,0,0,0,0,0,0.0015035942,0.0009038647,0.00067257247,0.0005387199,0.9963812
1830,11_1830-09-15_p4_sn87062070_0039334295A_1830091501_0105,32,0,0,0,0,0,0,0,0,0,0,0,0,0,0,0,0,0,0,0,0,0,0,0,0,0,0,0,0,0.011542536,0.9738519,0.005882191,0.004744006,0.0039793486
1830,7_1830-08-04_p2_sn87062070_0039334295A_1830080401_0079,330,0,0,0,0,0,0,0,0,0,0,0,0,0,0,0,0,0,0,0,0,0,0,0,0,0,0,0,0,0.18839312,0.00094218616,0.00068375544,0.06513267,0.7448482
1830,7_1830-06-17_p4_sn84020071_00414182938_1830061701_0292,31,0,0,0,0,0,0,0,0,0,0,0,0,0,0,0,0,0,0,0,0,0,0,0,0,0,0,0,0,0.015279606,0.96904474,0.0063127736,0.0050947326,0.0042680176
1830,24_1830-06-09_p4_sn87062070_0039334295A_1830060901_0049,7,0,0,0,0,0,0,0,0,0,0,0,0,0,0,0,0,0,0,0,0,0,0,0,0,0,0,0,0,0.060539257,0.7540365,0.025740262,0.020496225,0.13918777
1830,37_1830-05-12_p4_sn87062070_0039334295A_1830051201_0033,34,0,0,0,0,0,0,0,0,0,0,0,0,0,0,0,0,0,0,0,0,0,0,0,0,0,0,0,0,0.41036752,0.24822068,0.0057575414,0.0046012243,0.33105302
1830,16_1830-04-22_p4_sn84020071_00414182938_1830042201_0260,284,0,0,0,0,0,0,0,0,0,0,0,0,0,0,0,0,0,0,0,0,0,0,0,0,0,0,0,0,0.48907351,0.038808323,0.00080101157,0.0006435822,0.4706735
1830,26_1830-03-25_p3_sn84020071_00414182938_1830032501_0243,4,0,0,0,0,0,0,0,0,0,0,0,0,0,0,0,0,0,0,0,0,0,0,0,0,0,0,0,0,0.83028877,0.0599658,0.044256046,0.035608165,0.029881185
1830,13_1830-05-06_p4_sn84020071_00414182938_1830050601_0268,80,0,0,0,0,0,0,0,0,0,0,0,0,0,0,0,0,0,0,0,0,0,0,0,0,0,0,0,0,0.735741,0.25804317,0.0025195694,0.002010878,0.0016852266
1830,18_1830-08-04_p4_sn87062070_0039334295A_1830080401_0081,13,0,0,0,0,0,0,0,0,0,0,0,0,0,0,0,0,0,0,0,0,0,0,0,0,0,0,0,0,0.047180444,0.90398186,0.019737726,0.015820393,0.013279529
1830,2_1830-11-04_p1_sn84020071_00414182938_1830110401_0369,153,0,0,0,0,0,0,0,0,0,0,0,0,0,0,0,0,0,0,0,0,0,0,0,0,0,0,0,0,0.0032678747,0.001982345,0.0014993747,0.67491364,0.3183367
1830,16_1830-09-15_p4_sn87062070_0039334295A_1830091501_0105,16,0,0,0,0,0,0,0,0,0,0,0,0,0,0,0,0,0,0,0,0,0,0,0,0,0,0,0,0,0.027785972,0.018461555,0.9335955,0.0109697655,0.009187244
1830,12_1830-11-17_p1_sn87062070_0039334295A_1830111701_0138,11,0,0,0,0,0,0,0,0,0,0,0,0,0,0,0,0,0,0,0,0,0,0,0,0,0,0,0,0,0.03114874,0.021020895,0.92402977,0.012947149,0.010853398
1830,9_1830-06-30_p4_sn87062070_0039334295A_1830063001_0061,84,0,0,0,0,0,0,0,0,0,0,0,0,0,0,0,0,0,0,0,0,0,0,0,0,0,0,0,0,0.5382571,0.10192513,0.0026901464,0.027641775,0.3294858
1830,9_1830-12-09_p3_sn84020071_00414182938_1830120901_0391,34,0,0,0,0,0,0,0,0,0,0,0,0,0,0,0,0,0,0,0,0,0,0,0,0,0,0,0,0,0.012525157,0.008083833,0.6048879,0.004914116,0.369589
1830,14_1830-11-04_p3_sn84020071_00414182938_1830110401_0371,18,0,0,0,0,0,0,0,0,0,0,0,0,0,0,0,0,0,0,0,0,0,0,0,0,0,0,0,0,0.039356664,0.024671545,0.017986145,0.014278484,0.9037072
1830,6_1830-11-04_p3_sn84020071_00414182938_1830110401_0371,31,0,0,0,0,0,0,0,0,0,0,0,0,0,0,0,0,0,0,0,0,0,0,0,0,0,0,0,0,0.97547734,0.008793766,0.0063466574,0.005114451,0.0042677615
1830,3_1830-05-19_p3_sn87062070_0039334295A_1830051901_0036,298,0,0,0,0,0,0,0,0,0,0,0,0,0,0,0,0,0,0,0,0,0,0,0,0,0,0,0,0,0.028820924,0.0110752955,0.1836558,0.00060043,0.77584755
1830,6_1830-05-19_p4_sn87062070_0039334295A_1830051901_0037,127,0,0,0,0,0,0,0,0,0,0,0,0,0,0,0,0,0,0,0,0,0,0,0,0,0,0,0,0,0.20177983,0.0026907497,0.0020163727,0.40585145,0.38766158
1830,21_1830-09-09_p3_sn84020071_00414182938_1830090901_0339,33,0,0,0,0,0,0,0,0,0,0,0,0,0,0,0,0,0,0,0,0,0,0,0,0,0,0,0,0,0.016278012,0.009691197,0.9635388,0.0057069147,0.0047851074
1830,1_1830-01-07_p1_sn84020071_00414182938_1830010701_0197,69,0,0,0,0,0,0,0,0,0,0,0,0,0,0,0,0,0,0,0,0,0,0,0,0,0,0,0,0,0.00515825,0.003439947,0.98760754,0.002063673,0.0017306709
1830,24_1830-05-06_p3_sn84020071_00414182938_1830050601_0267,113,0,0,0,0,0,0,0,0,0,0,0,0,0,0,0,0,0,0,0,0,0,0,0,0,0,0,0,0,0.32288545,0.053102065,0.06469735,0.0015332969,0.5577818
1830,24_1830-04-01_p2_sn84020071_00414182938_1830040101_0246,160,0,0,0,0,0,0,0,0,0,0,0,0,0,0,0,0,0,0,0,0,0,0,0,0,0,0,0,0,0.04209862,0.27209634,0.24129315,0.0013839306,0.44312793
1830,4_1830-04-21_p1_sn87062070_0039334295A_1830042101_0018,313,0,0,0,0,0,0,0,0,0,0,0,0,0,0,0,0,0,0,0,0,0,0,0,0,0,0,0,0,0.0014456556,0.0009403089,0.0007140267,0.00057036086,0.9963296
1830,36_1830-07-28_p4_sn87062070_0039334295A_1830072801_0077,20,0,0,0,0,0,0,0,0,0,0,0,0,0,0,0,0,0,0,0,0,0,0,0,0,0,0,0,0,0.02284545,0.9526642,0.009894063,0.007955651,0.0066406317
1830,23_1830-04-01_p1_sn84020071_00414182938_1830040101_0245,18,0,0,0,0,0,0,0,0,0,0,0,0,0,0,0,0,0,0,0,0,0,0,0,0,0,0,0,0,0.9520695,0.016583713,0.01263896,0.010169074,0.008538766
1830,9_1830-02-25_p4_sn84020071_00414182938_1830022501_0228,255,0,0,0,0,0,0,0,0,0,0,0,0,0,0,0,0,0,0,0,0,0,0,0,0,0,0,0,0,0.08903214,0.0011525959,0.031246867,0.0006837597,0.8778846
1830,5_1830-04-14_p1_sn87062070_0039334295A_1830041401_0014,313,0,0,0,0,0,0,0,0,0,0,0,0,0,0,0,0,0,0,0,0,0,0,0,0,0,0,0,0,0.0015153734,0.00090813095,0.0006827583,0.00055069954,0.996343
1830,2_1830-08-25_p1_sn87062070_0039334295A_1830082501_0090,192,0,0,0,0,0,0,0,0,0,0,0,0,0,0,0,0,0,0,0,0,0,0,0,0,0,0,0,0,0.33075476,0.0015595136,0.05976934,0.39948803,0.20842834
1830,9_1830-05-26_p2_sn87062070_0039334295A_1830052601_0039,59,0,0,0,0,0,0,0,0,0,0,0,0,0,0,0,0,0,0,0,0,0,0,0,0,0,0,0,0,0.5116462,0.005375914,0.003982707,0.003169693,0.47582552
1830,15_1830-07-21_p4_sn87062070_0039334295A_1830072101_0073,73,0,0,0,0,0,0,0,0,0,0,0,0,0,0,0,0,0,0,0,0,0,0,0,0,0,0,0,0,0.6561259,0.0037414809,0.002816337,0.002264957,0.33505133
1830,10_1830-06-09_p3_sn87062070_0039334295A_1830060901_0048,49,0,0,0,0,0,0,0,0,0,0,0,0,0,0,0,0,0,0,0,0,0,0,0,0,0,0,0,0,0.98159176,0.0065148994,0.0048126047,0.0038491618,0.003231632
1830,10_1830-11-11_p1_sn84020071_00414182938_1830111101_0373,42,0,0,0,0,0,0,0,0,0,0,0,0,0,0,0,0,0,0,0,0,0,0,0,0,0,0,0,0,0.009105928,0.0058038086,0.3628954,0.0034787818,0.6187161
1830,10_1830-06-23_p3_sn87062070_0039334295A_1830062301_0056,77,0,0,0,0,0,0,0,0,0,0,0,0,0,0,0,0,0,0,0,0,0,0,0,0,0,0,0,0,0.22664659,0.52919936,0.24017939,0.002161758,0.0018129441
1830,1_1830-05-13_p1_sn84020071_00414182938_1830051301_0269,72,0,0,0,0,0,0,0,0,0,0,0,0,0,0,0,0,0,0,0,0,0,0,0,0,0,0,0,0,0.0051042303,0.0034212258,0.9876818,0.0020625137,0.0017303296
1830,17_1830-12-09_p4_sn84020071_00414182938_1830120901_0392,31,0,0,0,0,0,0,0,0,0,0,0,0,0,0,0,0,0,0,0,0,0,0,0,0,0,0,0,0,0.025448322,0.95139235,0.009368512,0.0074985493,0.006292286
1830,3_1830-09-30_p4_sn84020071_00414182938_1830093001_0352,186,0,0,0,0,0,0,0,0,0,0,0,0,0,0,0,0,0,0,0,0,0,0,0,0,0,0,0,0,0.0023346988,0.6390898,0.3570517,0.0008287402,0.00069508527
1830,7_1830-02-25_p1_sn84020071_00414182938_1830022501_0225,361,0,0,0,0,0,0,0,0,0,0,0,0,0,0,0,0,0,0,0,0,0,0,0,0,0,0,0,0,0.61667025,0.00090586045,0.0006742408,0.14598896,0.23576069
1830,7_1830-09-30_p1_sn84020071_00414182938_1830093001_0349,51,0,0,0,0,0,0,0,0,0,0,0,0,0,0,0,0,0,0,0,0,0,0,0,0,0,0,0,0,0.00983135,0.0056184833,0.9783133,0.0033907744,0.0028460526
1830,16_1830-04-21_p4_sn87062070_0039334295A_1830042101_0021,338,0,0,0,0,0,0,0,0,0,0,0,0,0,0,0,0,0,0,0,0,0,0,0,0,0,0,0,0,0.1953245,0.0008631633,0.00064254,0.13710606,0.6660637
1830,4_1830-09-08_p1_sn87062070_0039334295A_1830090801_0098,143,0,0,0,0,0,0,0,0,0,0,0,0,0,0,0,0,0,0,0,0,0,0,0,0,0,0,0,0,0.99407905,0.0020665096,0.0015552599,0.0012502192,0.0010489901
1830,41_1830-11-04_p3_sn84020071_00414182938_1830110401_0371,13,0,0,0,0,0,0,0,0,0,0,0,0,0,0,0,0,0,0,0,0,0,0,0,0,0,0,0,0,0.9515355,0.01698506,0.012743628,0.010186079,0.008549678
1830,11_1830-10-07_p3_sn84020071_00414182938_1830100701_0355,76,0,0,0,0,0,0,0,0,0,0,0,0,0,0,0,0,0,0,0,0,0,0,0,0,0,0,0,0,0.06523987,0.9287498,0.0024221262,0.0019514574,0.0016367111
1830,4_1830-12-01_p4_sn87062070_0039334295A_1830120101_0149,128,0,0,0,0,0,0,0,0,0,0,0,0,0,0,0,0,0,0,0,0,0,0,0,0,0,0,0,0,0.26822415,0.002286457,0.001693887,0.0238441,0.7039514
1830,1_1830-11-17_p3_sn87062070_0039334295A_1830111701_0140,100,0,0,0,0,0,0,0,0,0,0,0,0,0,0,0,0,0,0,0,0,0,0,0,0,0,0,0,0,0.14405909,0.0028996551,0.584647,0.001740702,0.26665354
1830,3_1830-04-29_p2_sn84020071_00414182938_1830042901_0262,396,0,0,0,0,0,0,0,0,0,0,0,0,0,0,0,0,0,0,0,0,0,0,0,0,0,0,0,0,0.0013055071,0.00076547795,0.68745834,0.009499716,0.3009709
1830,18_1830-12-16_p4_sn84020071_00414182938_1830121601_0396,325,0,0,0,0,0,0,0,0,0,0,0,0,0,0,0,0,0,0,0,0,0,0,0,0,0,0,0,0,0.0019558105,0.9668781,0.0008953992,0.0007162734,0.029554345
1830,7_1830-10-14_p3_sn84020071_00414182938_1830101401_0359,449,0,0,0,0,0,0,0,0,0,0,0,0,0,0,0,0,0,0,0,0,0,0,0,0,0,0,0,0,0.08161398,0.00066360494,0.045674272,0.00038978318,0.8716583
1830,21_1830-08-18_p4_sn87062070_0039334295A_1830081801_0089,113,0,0,0,0,0,0,0,0,0,0,0,0,0,0,0,0,0,0,0,0,0,0,0,0,0,0,0,0,0.47053155,0.52515274,0.001745861,0.0013981975,0.0011717018
1830,32_1830-03-04_p3_sn84020071_00414182938_1830030401_0231,26,0,0,0,0,0,0,0,0,0,0,0,0,0,0,0,0,0,0,0,0,0,0,0,0,0,0,0,0,0.017048951,0.010651954,0.31111157,0.0061882045,0.6549994
1830,7_1830-04-28_p2_sn87062070_0039334295A_1830042801_0023,332,0,0,0,0,0,0,0,0,0,0,0,0,0,0,0,0,0,0,0,0,0,0,0,0,0,0,0,0,0.0015368381,0.028598385,0.2997648,0.0005283371,0.66957164
1830,11_1830-03-04_p4_sn84020071_00414182938_1830030401_0232,187,0,0,0,0,0,0,0,0,0,0,0,0,0,0,0,0,0,0,0,0,0,0,0,0,0,0,0,0,0.9215758,0.0016263446,0.07500245,0.0009766145,0.00081876
1830,1_1830-03-18_p1_sn84020071_00414182938_1830031801_0237,68,0,0,0,0,0,0,0,0,0,0,0,0,0,0,0,0,0,0,0,0,0,0,0,0,0,0,0,0,0.00589105,0.003933744,0.9858126,0.0023725545,0.0019900484
1830,1_1830-09-08_p3_sn87062070_0039334295A_1830090801_0100,160,0,0,0,0,0,0,0,0,0,0,0,0,0,0,0,0,0,0,0,0,0,0,0,0,0,0,0,0,0.003465239,0.10912506,0.0014174891,0.0011336101,0.8848586
1830,1_1830-02-25_p4_sn84020071_00414182938_1830022501_0228,56,0,0,0,0,0,0,0,0,0,0,0,0,0,0,0,0,0,0,0,0,0,0,0,0,0,0,0,0,0.0074117,0.20170057,0.7857463,0.0027991645,0.0023423654
1830,3_1830-12-16_p3_sn84020071_00414182938_1830121601_0395,41,0,0,0,0,0,0,0,0,0,0,0,0,0,0,0,0,0,0,0,0,0,0,0,0,0,0,0,0,0.012620088,0.972209,0.006129894,0.004920963,0.004120049
1830,7_1830-11-11_p4_sn84020071_00414182938_1830111101_0376,80,0,0,0,0,0,0,0,0,0,0,0,0,0,0,0,0,0,0,0,0,0,0,0,0,0,0,0,0,0.004960282,0.98917973,0.0023685724,0.0018990976,0.0015923836
1830,22_1830-09-29_p3_sn87062070_0039334295A_1830092901_0112,18,0,0,0,0,0,0,0,0,0,0,0,0,0,0,0,0,0,0,0,0,0,0,0,0,0,0,0,0,0.024121463,0.3669941,0.011903405,0.009498933,0.5874821
1830,20_1830-12-22_p4_sn87062070_0039334295A_1830122201_0161,287,0,0,0,0,0,0,0,0,0,0,0,0,0,0,0,0,0,0,0,0,0,0,0,0,0,0,0,0,0.7902246,0.023366844,0.00087688153,0.18493938,0.00059226964
1830,3_1830-08-04_p1_sn87062070_0039334295A_1830080401_0078,44,0,0,0,0,0,0,0,0,0,0,0,0,0,0,0,0,0,0,0,0,0,0,0,0,0,0,0,0,0.98042005,0.0070321565,0.0050649843,0.0040697353,0.0034130807
1830,8_1830-12-02_p4_sn84020071_00414182938_1830120201_0388,72,0,0,0,0,0,0,0,0,0,0,0,0,0,0,0,0,0,0,0,0,0,0,0,0,0,0,0,0,0.2393004,0.40502548,0.35157663,0.0022288915,0.0018686528
1830,34_1830-09-30_p3_sn84020071_00414182938_1830093001_0351,21,0,0,0,0,0,0,0,0,0,0,0,0,0,0,0,0,0,0,0,0,0,0,0,0,0,0,0,0,0.026609408,0.013135367,0.9456906,0.007922391,0.0066422867
1830,7_1830-11-03_p2_sn87062070_0039334295A_1830110301_0131,323,0,0,0,0,0,0,0,0,0,0,0,0,0,0,0,0,0,0,0,0,0,0,0,0,0,0,0,0,0.0015204133,0.0009740252,0.00072718185,0.00058453856,0.9961938
1830,2_1830-09-23_p2_sn84020071_00414182938_1830092301_0346,383,0,0,0,0,0,0,0,0,0,0,0,0,0,0,0,0,0,0,0,0,0,0,0,0,0,0,0,0,0.012373127,0.0006994385,0.0005228099,0.00041973178,0.98598486
1830,28_1830-04-21_p4_sn87062070_0039334295A_1830042101_0021,6,0,0,0,0,0,0,0,0,0,0,0,0,0,0,0,0,0,0,0,0,0,0,0,0,0,0,0,0,0.060096487,0.8665451,0.029733105,0.023719927,0.019905357
1830,21_1830-10-07_p1_sn84020071_00414182938_1830100701_0353,12,0,0,0,0,0,0,0,0,0,0,0,0,0,0,0,0,0,0,0,0,0,0,0,0,0,0,0,0,0.81476754,0.029156895,0.022138659,0.017806297,0.11613058
1830,4_1830-10-27_p4_sn87062070_0039334295A_1830102701_0129,38,0,0,0,0,0,0,0,0,0,0,0,0,0,0,0,0,0,0,0,0,0,0,0,0,0,0,0,0,0.17094459,0.8164838,0.0050879708,0.0040692603,0.0034142854
1830,6_1830-04-08_p3_sn84020071_00414182938_1830040801_0251,120,0,0,0,0,0,0,0,0,0,0,0,0,0,0,0,0,0,0,0,0,0,0,0,0,0,0,0,0,0.41208267,0.0023247637,0.5830471,0.0013843758,0.0011610544
1830,5_1830-12-01_p3_sn87062070_0039334295A_1830120101_0148,115,0,0,0,0,0,0,0,0,0,0,0,0,0,0,0,0,0,0,0,0,0,0,0,0,0,0,0,0,0.0038985233,0.09325377,0.076590285,0.085302845,0.74095464
1830,6_1830-06-30_p4_sn87062070_0039334295A_1830063001_0061,196,0,0,0,0,0,0,0,0,0,0,0,0,0,0,0,0,0,0,0,0,0,0,0,0,0,0,0,0,0.002587496,0.0016200086,0.42335072,0.0009769287,0.5714649
1830,43_1830-08-25_p4_sn87062070_0039334295A_1830082501_0093,32,0,0,0,0,0,0,0,0,0,0,0,0,0,0,0,0,0,0,0,0,0,0,0,0,0,0,0,0,0.011163164,0.9746956,0.005697871,0.004591815,0.0038515332
1830,26_1830-06-30_p4_sn87062070_0039334295A_1830063001_0061,68,0,0,0,0,0,0,0,0,0,0,0,0,0,0,0,0,0,0,0,0,0,0,0,0,0,0,0,0,0.611426,0.0040812152,0.003066034,0.07946169,0.30196512
1830,17_1830-12-01_p1_sn87062070_0039334295A_1830120101_0146,5,0,0,0,0,0,0,0,0,0,0,0,0,0,0,0,0,0,0,0,0,0,0,0,0,0,0,0,0,0.057669356,0.039444085,0.8592867,0.023695834,0.019903984
1830,28_1830-04-01_p3_sn84020071_00414182938_1830040101_0247,37,0,0,0,0,0,0,0,0,0,0,0,0,0,0,0,0,0,0,0,0,0,0,0,0,0,0,0,0,0.22829448,0.75916594,0.0050517786,0.0040743235,0.0034134774
1830,13_1830-09-29_p3_sn87062070_0039334295A_1830092901_0112,103,0,0,0,0,0,0,0,0,0,0,0,0,0,0,0,0,0,0,0,0,0,0,0,0,0,0,0,0,0.0036974237,0.0025230942,0.0018583535,0.9906771,0.0012440229
1830,39_1830-09-30_p4_sn84020071_00414182938_1830093001_0352,60,0,0,0,0,0,0,0,0,0,0,0,0,0,0,0,0,0,0,0,0,0,0,0,0,0,0,0,0,0.0068512587,0.98453635,0.0034760113,0.0027947763,0.0023416055
1830,3_1830-11-10_p3_sn87062070_0039334295A_1830111001_0136,222,0,0,0,0,0,0,0,0,0,0,0,0,0,0,0,0,0,0,0,0,0,0,0,0,0,0,0,0,0.028509589,0.0014618565,0.16520292,0.00086697104,0.8039587
1830,3_1830-01-07_p3_sn84020071_00414182938_1830010701_0199,433,0,0,0,0,0,0,0,0,0,0,0,0,0,0,0,0,0,0,0,0,0,0,0,0,0,0,0,0,0.119554125,0.00076942676,0.0049161506,0.0004603707,0.87429994
1830,1_1830-04-14_p4_sn87062070_0039334295A_1830041401_0017,101,0,0,0,0,0,0,0,0,0,0,0,0,0,0,0,0,0,0,0,0,0,0,0,0,0,0,0,0,0.8471008,0.0029258155,0.0022072978,0.14627191,0.0014941709
1830,13_1830-04-28_p4_sn87062070_0039334295A_1830042801_0025,322,0,0,0,0,0,0,0,0,0,0,0,0,0,0,0,0,0,0,0,0,0,0,0,0,0,0,0,0,0.33778006,0.00085975946,0.00064503524,0.00051730097,0.6601978
1830,45_1830-08-04_p4_sn87062070_0039334295A_1830080401_0081,34,0,0,0,0,0,0,0,0,0,0,0,0,0,0,0,0,0,0,0,0,0,0,0,0,0,0,0,0,0.014589384,0.7186255,0.2570821,0.0052753487,0.0044276556
1830,22_1830-06-10_p4_sn84020071_00414182938_1830061001_0288,6,0,0,0,0,0,0,0,0,0,0,0,0,0,0,0,0,0,0,0,0,0,0,0,0,0,0,0,0,0.67279345,0.03387081,0.025389647,0.020417586,0.24752852
1830,7_1830-06-03_p1_sn84020071_00414182938_1830060301_0281,311,0,0,0,0,0,0,0,0,0,0,0,0,0,0,0,0,0,0,0,0,0,0,0,0,0,0,0,0,0.3638317,0.0386141,0.00072581,0.012849171,0.5839792
1830,6_1830-12-09_p4_sn84020071_00414182938_1830120901_0392,182,0,0,0,0,0,0,0,0,0,0,0,0,0,0,0,0,0,0,0,0,0,0,0,0,0,0,0,0,0.5020307,0.30522072,0.0012963021,0.14491,0.046542376
1830,21_1830-12-01_p4_sn87062070_0039334295A_1830120101_0149,216,0,0,0,0,0,0,0,0,0,0,0,0,0,0,0,0,0,0,0,0,0,0,0,0,0,0,0,0,0.0025815938,0.0014929285,0.0010927466,0.00088053226,0.9939522
1830,25_1830-10-07_p1_sn84020071_00414182938_1830100701_0353,15,0,0,0,0,0,0,0,0,0,0,0,0,0,0,0,0,0,0,0,0,0,0,0,0,0,0,0,0,0.034614757,0.020055765,0.56716454,0.01188911,0.36627585
1830,5_1830-12-29_p3_sn87062070_0039334295A_1830122901_0164,39,0,0,0,0,0,0,0,0,0,0,0,0,0,0,0,0,0,0,0,0,0,0,0,0,0,0,0,0,0.009927907,0.0064489488,0.82359266,0.003957719,0.15607272
1830,2_1830-10-13_p4_sn87062070_0039334295A_1830101301_0121,239,0,0,0,0,0,0,0,0,0,0,0,0,0,0,0,0,0,0,0,0,0,0,0,0,0,0,0,0,0.9435807,0.0014566571,0.053353664,0.0008752552,0.00073371414
1830,21_1830-03-18_p3_sn84020071_00414182938_1830031801_0239,36,0,0,0,0,0,0,0,0,0,0,0,0,0,0,0,0,0,0,0,0,0,0,0,0,0,0,0,0,0.2007112,0.0074209166,0.005388632,0.004322006,0.78215724
1830,26_1830-05-20_p3_sn84020071_00414182938_1830052001_0275,25,0,0,0,0,0,0,0,0,0,0,0,0,0,0,0,0,0,0,0,0,0,0,0,0,0,0,0,0,0.4231283,0.011224349,0.008475648,0.0067816535,0.55039
1830,10_1830-12-01_p3_sn87062070_0039334295A_1830120101_0148,123,0,0,0,0,0,0,0,0,0,0,0,0,0,0,0,0,0,0,0,0,0,0,0,0,0,0,0,0,0.1764059,0.0023637519,0.095821545,0.0013999528,0.72400886
1830,2_1830-12-01_p4_sn87062070_0039334295A_1830120101_0149,161,0,0,0,0,0,0,0,0,0,0,0,0,0,0,0,0,0,0,0,0,0,0,0,0,0,0,0,0,0.81358045,0.002106437,0.07366259,0.10960076,0.001049809
1830,3_1830-06-23_p1_sn87062070_0039334295A_1830062301_0054,303,0,0,0,0,0,0,0,0,0,0,0,0,0,0,0,0,0,0,0,0,0,0,0,0,0,0,0,0,0.049898818,0.0010122686,0.0007386552,0.0005924021,0.9477579
1830,4_1830-12-09_p4_sn84020071_00414182938_1830120901_0392,129,0,0,0,0,0,0,0,0,0,0,0,0,0,0,0,0,0,0,0,0,0,0,0,0,0,0,0,0,0.9150356,0.08096013,0.0016198955,0.0012982232,0.0010861631
1830,4_1830-05-05_p3_sn87062070_0039334295A_1830050501_0028,78,0,0,0,0,0,0,0,0,0,0,0,0,0,0,0,0,0,0,0,0,0,0,0,0,0,0,0,0,0.005376444,0.003640404,0.98695457,0.0021907524,0.0018378526
1830,21_1830-12-09_p4_sn84020071_00414182938_1830120901_0392,186,0,0,0,0,0,0,0,0,0,0,0,0,0,0,0,0,0,0,0,0,0,0,0,0,0,0,0,0,0.9942101,0.002022242,0.0015267094,0.001219299,0.0010216709
1830,26_1830-06-03_p3_sn84020071_00414182938_1830060301_0283,59,0,0,0,0,0,0,0,0,0,0,0,0,0,0,0,0,0,0,0,0,0,0,0,0,0,0,0,0,0.008237264,0.0051482315,0.0036416356,0.0029103938,0.9800625
1830,27_1830-06-23_p3_sn87062070_0039334295A_1830062301_0056,19,0,0,0,0,0,0,0,0,0,0,0,0,0,0,0,0,0,0,0,0,0,0,0,0,0,0,0,0,0.5766087,0.01487994,0.0112204375,0.008914048,0.38837683
1830,12_1830-02-11_p3_sn84020071_00414182938_1830021101_0219,386,0,0,0,0,0,0,0,0,0,0,0,0,0,0,0,0,0,0,0,0,0,0,0,0,0,0,0,0,0.0014632944,0.08568168,0.2229296,0.00050448463,0.689421
1830,14_1830-09-29_p1_sn87062070_0039334295A_1830092901_0110,50,0,0,0,0,0,0,0,0,0,0,0,0,0,0,0,0,0,0,0,0,0,0,0,0,0,0,0,0,0.06748051,0.006802418,0.214573,0.0039718635,0.7071722
1830,3_1830-06-10_p4_sn84020071_00414182938_1830061001_0288,96,0,0,0,0,0,0,0,0,0,0,0,0,0,0,0,0,0,0,0,0,0,0,0,0,0,0,0,0,0.68942106,0.0034435664,0.0025504362,0.0020391468,0.3025457
1830,20_1830-10-14_p4_sn84020071_00414182938_1830101401_0360,24,0,0,0,0,0,0,0,0,0,0,0,0,0,0,0,0,0,0,0,0,0,0,0,0,0,0,0,0,0.015741559,0.9643554,0.008008425,0.0064685345,0.005426127
1830,7_1830-12-22_p1_sn87062070_0039334295A_1830122201_0158,340,0,0,0,0,0,0,0,0,0,0,0,0,0,0,0,0,0,0,0,0,0,0,0,0,0,0,0,0,0.62680274,0.016978005,0.0007086498,0.04267529,0.31283525
1830,2_1830-06-17_p3_sn84020071_00414182938_1830061701_0291,274,0,0,0,0,0,0,0,0,0,0,0,0,0,0,0,0,0,0,0,0,0,0,0,0,0,0,0,0,0.11157945,0.0013027616,0.00097215606,0.00077951193,0.88536614
1830,8_1830-05-13_p3_sn84020071_00414182938_1830051301_0271,16,0,0,0,0,0,0,0,0,0,0,0,0,0,0,0,0,0,0,0,0,0,0,0,0,0,0,0,0,0.94347495,0.01979992,0.01487994,0.011888596,0.009956558
1830,11_1830-03-11_p4_sn84020071_00414182938_1830031101_0236,46,0,0,0,0,0,0,0,0,0,0,0,0,0,0,0,0,0,0,0,0,0,0,0,0,0,0,0,0,0.00878193,0.9804853,0.0043419125,0.0034771082,0.0029137172
1830,3_1830-12-22_p2_sn87062070_0039334295A_1830122201_0159,303,0,0,0,0,0,0,0,0,0,0,0,0,0,0,0,0,0,0,0,0,0,0,0,0,0,0,0,0,0.001629308,0.00093524286,0.084915146,0.0005570171,0.9119633
1830,22_1830-03-18_p3_sn84020071_00414182938_1830031801_0239,28,0,0,0,0,0,0,0,0,0,0,0,0,0,0,0,0,0,0,0,0,0,0,0,0,0,0,0,0,0.20284736,0.20824964,0.0061579556,0.0049154474,0.57782954
1830,10_1830-12-08_p4_sn87062070_0039334295A_1830120801_0153,253,0,0,0,0,0,0,0,0,0,0,0,0,0,0,0,0,0,0,0,0,0,0,0,0,0,0,0,0,0.88567346,0.0011766672,0.11185109,0.0007065939,0.0005921715
1830,4_1830-11-24_p2_sn87062070_0039334295A_1830112401_0143,325,0,0,0,0,0,0,0,0,0,0,0,0,0,0,0,0,0,0,0,0,0,0,0,0,0,0,0,0,0.31414986,0.0009046197,0.00067691016,0.022395354,0.6618732
1830,17_1830-09-23_p3_sn84020071_00414182938_1830092301_0347,412,0,0,0,0,0,0,0,0,0,0,0,0,0,0,0,0,0,0,0,0,0,0,0,0,0,0,0,0,0.28963935,0.036590133,0.08939791,0.008344831,0.5760278
1830,11_1830-06-24_p2_sn84020071_00414182938_1830062401_0294,89,0,0,0,0,0,0,0,0,0,0,0,0,0,0,0,0,0,0,0,0,0,0,0,0,0,0,0,0,0.25676608,0.003682057,0.21038212,0.0021955671,0.52697414
1830,8_1830-02-11_p4_sn84020071_00414182938_1830021101_0220,145,0,0,0,0,0,0,0,0,0,0,0,0,0,0,0,0,0,0,0,0,0,0,0,0,0,0,0,0,0.0042889607,0.9904772,0.0021138655,0.0016975511,0.0014223527
1830,4_1830-06-09_p3_sn87062070_0039334295A_1830060901_0048,57,0,0,0,0,0,0,0,0,0,0,0,0,0,0,0,0,0,0,0,0,0,0,0,0,0,0,0,0,0.16302915,0.82599086,0.00442824,0.0035645936,0.00298718
1830,7_1830-06-30_p4_sn87062070_0039334295A_1830063001_0061,17,0,0,0,0,0,0,0,0,0,0,0,0,0,0,0,0,0,0,0,0,0,0,0,0,0,0,0,0,0.024066402,0.015832813,0.94263583,0.009505184,0.007959712
1830,10_1830-08-18_p3_sn87062070_0039334295A_1830081801_0088,8,0,0,0,0,0,0,0,0,0,0,0,0,0,0,0,0,0,0,0,0,0,0,0,0,0,0,0,0,0.04068088,0.026510423,0.90364623,0.015870245,0.013292281
1830,10_1830-05-19_p4_sn87062070_0039334295A_1830051901_0037,46,0,0,0,0,0,0,0,0,0,0,0,0,0,0,0,0,0,0,0,0,0,0,0,0,0,0,0,0,0.3883599,0.32493088,0.0047037713,0.0037648086,0.27824068
1830,7_1830-12-22_p4_sn87062070_0039334295A_1830122201_0161,73,0,0,0,0,0,0,0,0,0,0,0,0,0,0,0,0,0,0,0,0,0,0,0,0,0,0,0,0,0.60057193,0.004212208,0.0031182643,0.0025040384,0.38959354
1830,6_1830-03-25_p3_sn84020071_00414182938_1830032501_0243,54,0,0,0,0,0,0,0,0,0,0,0,0,0,0,0,0,0,0,0,0,0,0,0,0,0,0,0,0,0.07022191,0.18911108,0.73456544,0.0033184725,0.0027831048
1830,16_1830-08-25_p1_sn87062070_0039334295A_1830082501_0090,53,0,0,0,0,0,0,0,0,0,0,0,0,0,0,0,0,0,0,0,0,0,0,0,0,0,0,0,0,0.006544809,0.0044457787,0.9840706,0.0026858412,0.0022529112
1830,23_1830-09-29_p4_sn87062070_0039334295A_1830092901_0113,34,0,0,0,0,0,0,0,0,0,0,0,0,0,0,0,0,0,0,0,0,0,0,0,0,0,0,0,0,0.011937418,0.972952,0.0060857153,0.004908306,0.0041165305
1830,15_1830-09-08_p2_sn87062070_0039334295A_1830090801_0099,63,0,0,0,0,0,0,0,0,0,0,0,0,0,0,0,0,0,0,0,0,0,0,0,0,0,0,0,0,0.07850671,0.0052052774,0.0037888212,0.0030333803,0.9094658
1830,15_1830-08-25_p3_sn87062070_0039334295A_1830082501_0092,114,0,0,0,0,0,0,0,0,0,0,0,0,0,0,0,0,0,0,0,0,0,0,0,0,0,0,0,0,0.004485736,0.0025999085,0.42241636,0.0015202713,0.5689778
1830,35_1830-09-22_p4_sn87062070_0039334295A_1830092201_0109,15,0,0,0,0,0,0,0,0,0,0,0,0,0,0,0,0,0,0,0,0,0,0,0,0,0,0,0,0,0.034406,0.2300592,0.014720563,0.01189955,0.7089147
1830,24_1830-09-30_p4_sn84020071_00414182938_1830093001_0352,458,0,0,0,0,0,0,0,0,0,0,0,0,0,0,0,0,0,0,0,0,0,0,0,0,0,0,0,0,0.7552635,0.0006356863,0.054889027,0.000375932,0.18883575
1830,34_1830-04-21_p4_sn87062070_0039334295A_1830042101_0021,72,0,0,0,0,0,0,0,0,0,0,0,0,0,0,0,0,0,0,0,0,0,0,0,0,0,0,0,0,0.34934208,0.111982524,0.0029197375,0.0023431256,0.5334125
1830,9_1830-06-02_p3_sn87062070_0039334295A_1830060201_0044,8,0,0,0,0,0,0,0,0,0,0,0,0,0,0,0,0,0,0,0,0,0,0,0,0,0,0,0,0,0.05047549,0.034972,0.368157,0.52931947,0.017076066
1830,5_1830-06-16_p2_sn87062070_0039334295A_1830061601_0051,336,0,0,0,0,0,0,0,0,0,0,0,0,0,0,0,0,0,0,0,0,0,0,0,0,0,0,0,0,0.19065766,0.00087428704,0.0006570802,0.0005258737,0.8072852
1830,12_1830-07-01_p3_sn84020071_00414182938_1830070101_0299,24,0,0,0,0,0,0,0,0,0,0,0,0,0,0,0,0,0,0,0,0,0,0,0,0,0,0,0,0,0.016654067,0.56596607,0.40597454,0.006205667,0.00519967
1830,10_1830-05-19_p3_sn87062070_0039334295A_1830051901_0036,60,0,0,0,0,0,0,0,0,0,0,0,0,0,0,0,0,0,0,0,0,0,0,0,0,0,0,0,0,0.6346293,0.0054987017,0.353772,0.0033174697,0.002782566
1830,18_1830-08-25_p2_sn87062070_0039334295A_1830082501_0091,11,0,0,0,0,0,0,0,0,0,0,0,0,0,0,0,0,0,0,0,0,0,0,0,0,0,0,0,0,0.039467026,0.45971912,0.47171178,0.015834674,0.013267326
1830,1_1830-09-08_p1_sn87062070_0039334295A_1830090801_0098,74,0,0,0,0,0,0,0,0,0,0,0,0,0,0,0,0,0,0,0,0,0,0,0,0,0,0,0,0,0.3772152,0.09040343,0.2748296,0.0024220922,0.25512967
1830,18_1830-06-03_p4_sn84020071_00414182938_1830060301_0284,379,0,0,0,0,0,0,0,0,0,0,0,0,0,0,0,0,0,0,0,0,0,0,0,0,0,0,0,0,0.53598964,0.00075909385,0.00056609255,0.033731148,0.428954
1830,24_1830-10-28_p4_sn84020071_00414182938_1830102801_0368,69,0,0,0,0,0,0,0,0,0,0,0,0,0,0,0,0,0,0,0,0,0,0,0,0,0,0,0,0,0.20273131,0.79005045,0.0029183214,0.0023407566,0.0019591642
1830,1_1830-12-15_p4_sn87062070_0039334295A_1830121501_0157,75,0,0,0,0,0,0,0,0,0,0,0,0,0,0,0,0,0,0,0,0,0,0,0,0,0,0,0,0,0.22541212,0.0036326586,0.00269343,0.0021619594,0.7660998
1830,2_1830-02-11_p2_sn84020071_00414182938_1830021101_0218,344,0,0,0,0,0,0,0,0,0,0,0,0,0,0,0,0,0,0,0,0,0,0,0,0,0,0,0,0,0.0012357269,0.0007706339,0.9183603,0.00046478325,0.07916851
1830,8_1830-08-18_p2_sn87062070_0039334295A_1830081801_0087,318,0,0,0,0,0,0,0,0,0,0,0,0,0,0,0,0,0,0,0,0,0,0,0,0,0,0,0,0,0.0016572562,0.022749381,0.23338005,0.018433083,0.7237802
1830,54_1830-08-25_p4_sn87062070_0039334295A_1830082501_0093,4,0,0,0,0,0,0,0,0,0,0,0,0,0,0,0,0,0,0,0,0,0,0,0,0,0,0,0,0,0.07187093,0.8404199,0.035295423,0.028524255,0.023889415
1830,14_1830-09-30_p1_sn84020071_00414182938_1830093001_0349,109,0,0,0,0,0,0,0,0,0,0,0,0,0,0,0,0,0,0,0,0,0,0,0,0,0,0,0,0,0.14463769,0.03244159,0.0021173947,0.0017004993,0.8191028
1830,26_1830-06-24_p3_sn84020071_00414182938_1830062401_0295,31,0,0,0,0,0,0,0,0,0,0,0,0,0,0,0,0,0,0,0,0,0,0,0,0,0,0,0,0,0.2689791,0.008847931,0.71246,0.0052845487,0.0044285674
1830,2_1830-03-25_p1_sn84020071_00414182938_1830032501_0241,67,0,0,0,0,0,0,0,0,0,0,0,0,0,0,0,0,0,0,0,0,0,0,0,0,0,0,0,0,0.006292139,0.0042083235,0.98482645,0.0025409574,0.0021321084
1830,5_1830-06-30_p1_sn87062070_0039334295A_1830063001_0058,375,0,0,0,0,0,0,0,0,0,0,0,0,0,0,0,0,0,0,0,0,0,0,0,0,0,0,0,0,0.85062855,0.0008446772,0.0006117398,0.00048936903,0.1474256
1830,1_1830-02-11_p2_sn84020071_00414182938_1830021101_0218,144,0,0,0,0,0,0,0,0,0,0,0,0,0,0,0,0,0,0,0,0,0,0,0,0,0,0,0,0,0.0026772022,0.0017764198,0.3394613,0.0010483591,0.65503675
1830,29_1830-05-13_p4_sn84020071_00414182938_1830051301_0272,20,0,0,0,0,0,0,0,0,0,0,0,0,0,0,0,0,0,0,0,0,0,0,0,0,0,0,0,0,0.5041284,0.27082694,0.2119423,0.0071244333,0.0059780004
1830,1_1830-12-22_p1_sn87062070_0039334295A_1830122201_0158,136,0,0,0,0,0,0,0,0,0,0,0,0,0,0,0,0,0,0,0,0,0,0,0,0,0,0,0,0,0.3927999,0.0023012043,0.001716229,0.0013718066,0.6018109
1830,1_1830-06-30_p4_sn87062070_0039334295A_1830063001_0061,83,0,0,0,0,0,0,0,0,0,0,0,0,0,0,0,0,0,0,0,0,0,0,0,0,0,0,0,0,0.9909015,0.0031641684,0.002389942,0.0019291037,0.0016152724
1830,4_1830-11-03_p2_sn87062070_0039334295A_1830110301_0131,334,0,0,0,0,0,0,0,0,0,0,0,0,0,0,0,0,0,0,0,0,0,0,0,0,0,0,0,0,0.043343015,0.010306076,0.0006796187,0.00054593326,0.94512534
1830,11_1830-08-18_p4_sn87062070_0039334295A_1830081801_0089,135,0,0,0,0,0,0,0,0,0,0,0,0,0,0,0,0,0,0,0,0,0,0,0,0,0,0,0,0,0.003015405,0.0020214664,0.0015167615,0.99242544,0.0010209183
1830,12_1830-04-21_p2_sn87062070_0039334295A_1830042101_0019,2,0,0,0,0,0,0,0,0,0,0,0,0,0,0,0,0,0,0,0,0,0,0,0,0,0,0,0,0,0.17127398,0.116081394,0.58170974,0.07114663,0.059788283
1830,4_1830-08-04_p2_sn87062070_0039334295A_1830080401_0079,344,0,0,0,0,0,0,0,0,0,0,0,0,0,0,0,0,0,0,0,0,0,0,0,0,0,0,0,0,0.009818936,0.0008605614,0.00064672856,0.00052038446,0.9881534
1830,5_1830-04-01_p1_sn84020071_00414182938_1830040101_0245,20,0,0,0,0,0,0,0,0,0,0,0,0,0,0,0,0,0,0,0,0,0,0,0,0,0,0,0,0,0.020266507,0.013516787,0.95166045,0.007911822,0.006644447
1830,3_1830-05-19_p1_sn87062070_0039334295A_1830051901_0034,328,0,0,0,0,0,0,0,0,0,0,0,0,0,0,0,0,0,0,0,0,0,0,0,0,0,0,0,0,0.09628155,0.0010097501,0.00076280354,0.5923934,0.3095525
1830,15_1830-06-17_p1_sn84020071_00414182938_1830061701_0289,87,0,0,0,0,0,0,0,0,0,0,0,0,0,0,0,0,0,0,0,0,0,0,0,0,0,0,0,0,0.76222324,0.003281418,0.23085411,0.0019803075,0.0016608897
1830,32_1830-04-15_p4_sn84020071_00414182938_1830041501_0256,162,0,0,0,0,0,0,0,0,0,0,0,0,0,0,0,0,0,0,0,0,0,0,0,0,0,0,0,0,0.0032054181,0.9930158,0.0015215524,0.0012272809,0.0010298386
1830,28_1830-09-30_p1_sn84020071_00414182938_1830093001_0349,21,0,0,0,0,0,0,0,0,0,0,0,0,0,0,0,0,0,0,0,0,0,0,0,0,0,0,0,0,0.2815058,0.018320685,0.013657143,0.010994966,0.6755214
1830,7_1830-11-24_p2_sn87062070_0039334295A_1830112401_0143,302,0,0,0,0,0,0,0,0,0,0,0,0,0,0,0,0,0,0,0,0,0,0,0,0,0,0,0,0,0.0016859164,0.0009429179,0.00069268077,0.00055541674,0.9961231
1830,8_1830-10-21_p3_sn84020071_00414182938_1830102101_0363,280,0,0,0,0,0,0,0,0,0,0,0,0,0,0,0,0,0,0,0,0,0,0,0,0,0,0,0,0,0.0016567752,0.0010428346,0.045579128,0.0006087467,0.9511125
1830,1_1830-11-04_p3_sn84020071_00414182938_1830110401_0371,77,0,0,0,0,0,0,0,0,0,0,0,0,0,0,0,0,0,0,0,0,0,0,0,0,0,0,0,0,0.22401445,0.003957861,0.2050295,0.002304258,0.5646939
1830,1_1830-03-25_p2_sn84020071_00414182938_1830032501_0242,428,0,0,0,0,0,0,0,0,0,0,0,0,0,0,0,0,0,0,0,0,0,0,0,0,0,0,0,0,0.0012115502,0.0007037802,0.060108438,0.00042364356,0.9375526
1830,33_1830-12-16_p3_sn84020071_00414182938_1830121601_0395,69,0,0,0,0,0,0,0,0,0,0,0,0,0,0,0,0,0,0,0,0,0,0,0,0,0,0,0,0,0.8872925,0.005503989,0.0041361866,0.0033129938,0.09975438
1830,7_1830-08-18_p4_sn87062070_0039334295A_1830081801_0089,127,0,0,0,0,0,0,0,0,0,0,0,0,0,0,0,0,0,0,0,0,0,0,0,0,0,0,0,0,0.99336445,0.0023224836,0.0017416764,0.0013992497,0.0011722563
1830,13_1830-06-10_p4_sn84020071_00414182938_1830061001_0288,88,0,0,0,0,0,0,0,0,0,0,0,0,0,0,0,0,0,0,0,0,0,0,0,0,0,0,0,0,0.056605183,0.895193,0.04464791,0.0019348719,0.001619039
1830,30_1830-02-11_p4_sn84020071_00414182938_1830021101_0220,33,0,0,0,0,0,0,0,0,0,0,0,0,0,0,0,0,0,0,0,0,0,0,0,0,0,0,0,0,0.9506293,0.017933283,0.012723605,0.010178317,0.008535534
1830,3_1830-12-09_p1_sn84020071_00414182938_1830120901_0389,76,0,0,0,0,0,0,0,0,0,0,0,0,0,0,0,0,0,0,0,0,0,0,0,0,0,0,0,0,0.98661876,0.004756392,0.0034867462,0.002795246,0.0023428597
1830,6_1830-07-01_p3_sn84020071_00414182938_1830070101_0299,176,0,0,0,0,0,0,0,0,0,0,0,0,0,0,0,0,0,0,0,0,0,0,0,0,0,0,0,0,0.51441723,0.12023883,0.0014248501,0.0150415385,0.34887752
1830,7_1830-08-11_p4_sn87062070_0039334295A_1830081101_0085,61,0,0,0,0,0,0,0,0,0,0,0,0,0,0,0,0,0,0,0,0,0,0,0,0,0,0,0,0,0.9877962,0.004220653,0.0032144636,0.0025953955,0.0021732948
1830,1_1830-10-06_p1_sn87062070_0039334295A_1830100601_0114,142,0,0,0,0,0,0,0,0,0,0,0,0,0,0,0,0,0,0,0,0,0,0,0,0,0,0,0,0,0.68185455,0.0023922552,0.0017790464,0.0014278509,0.31254628
1830,3_1830-07-21_p1_sn87062070_0039334295A_1830072101_0070,327,0,0,0,0,0,0,0,0,0,0,0,0,0,0,0,0,0,0,0,0,0,0,0,0,0,0,0,0,0.85130495,0.0010308992,0.015421099,0.0006189447,0.13162412
1830,8_1830-05-26_p4_sn87062070_0039334295A_1830052601_0041,93,0,0,0,0,0,0,0,0,0,0,0,0,0,0,0,0,0,0,0,0,0,0,0,0,0,0,0,0,0.80855936,0.07041195,0.0026392944,0.0021288004,0.11626061
1830,11_1830-04-07_p3_sn87062070_0039334295A_1830040701_0012,11,0,0,0,0,0,0,0,0,0,0,0,0,0,0,0,0,0,0,0,0,0,0,0,0,0,0,0,0,0.03144353,0.14846236,0.79823107,0.011902289,0.009960755
1830,6_1830-06-09_p3_sn87062070_0039334295A_1830060901_0048,149,0,0,0,0,0,0,0,0,0,0,0,0,0,0,0,0,0,0,0,0,0,0,0,0,0,0,0,0,0.080103934,0.002016315,0.0014867053,0.027719855,0.8886732
1830,5_1830-05-13_p2_sn84020071_00414182938_1830051301_0270,442,0,0,0,0,0,0,0,0,0,0,0,0,0,0,0,0,0,0,0,0,0,0,0,0,0,0,0,0,0.21145521,0.067415446,0.15107305,0.0003911336,0.56966513
1830,13_1830-03-04_p3_sn84020071_00414182938_1830030401_0231,24,0,0,0,0,0,0,0,0,0,0,0,0,0,0,0,0,0,0,0,0,0,0,0,0,0,0,0,0,0.54233474,0.43857056,0.0076984027,0.0061985576,0.0051977276
1830,26_1830-04-07_p3_sn87062070_0039334295A_1830040701_0012,18,0,0,0,0,0,0,0,0,0,0,0,0,0,0,0,0,0,0,0,0,0,0,0,0,0,0,0,0,0.020217728,0.012670762,0.9533079,0.0075120465,0.006291501
1830,2_1830-10-21_p4_sn84020071_00414182938_1830102101_0364,137,0,0,0,0,0,0,0,0,0,0,0,0,0,0,0,0,0,0,0,0,0,0,0,0,0,0,0,0,0.46532154,0.08708414,0.001508642,0.0012111003,0.44487455
1830,18_1830-08-18_p1_sn87062070_0039334295A_1830081801_0086,18,0,0,0,0,0,0,0,0,0,0,0,0,0,0,0,0,0,0,0,0,0,0,0,0,0,0,0,0,0.9549633,0.015621258,0.011941633,0.009497526,0.007976251
1830,13_1830-11-03_p4_sn87062070_0039334295A_1830110301_0133,255,0,0,0,0,0,0,0,0,0,0,0,0,0,0,0,0,0,0,0,0,0,0,0,0,0,0,0,0,0.87775946,0.001361937,0.0009873456,0.050271966,0.06961928
1830,19_1830-11-11_p1_sn84020071_00414182938_1830111101_0373,22,0,0,0,0,0,0,0,0,0,0,0,0,0,0,0,0,0,0,0,0,0,0,0,0,0,0,0,0,0.13311745,0.8459409,0.008430101,0.0068193623,0.0056921844
1830,12_1830-07-14_p3_sn87062070_0039334295A_1830071401_0068,23,0,0,0,0,0,0,0,0,0,0,0,0,0,0,0,0,0,0,0,0,0,0,0,0,0,0,0,0,0.02609189,0.35366625,0.1935651,0.0079194745,0.41875732
1830,29_1830-04-21_p3_sn87062070_0039334295A_1830042101_0020,115,0,0,0,0,0,0,0,0,0,0,0,0,0,0,0,0,0,0,0,0,0,0,0,0,0,0,0,0,0.0044588624,0.047596738,0.5452122,0.0015681579,0.40116397
1830,23_1830-11-04_p1_sn84020071_00414182938_1830110401_0369,8,0,0,0,0,0,0,0,0,0,0,0,0,0,0,0,0,0,0,0,0,0,0,0,0,0,0,0,0,0.384919,0.5602719,0.022080954,0.017797392,0.0149308
1830,15_1830-10-13_p3_sn87062070_0039334295A_1830101301_0120,67,0,0,0,0,0,0,0,0,0,0,0,0,0,0,0,0,0,0,0,0,0,0,0,0,0,0,0,0,0.35437742,0.0046000644,0.040468138,0.0027705638,0.5977838
1830,8_1830-08-04_p4_sn87062070_0039334295A_1830080401_0081,40,0,0,0,0,0,0,0,0,0,0,0,0,0,0,0,0,0,0,0,0,0,0,0,0,0,0,0,0,0.011659448,0.79370105,0.005223124,0.0041939504,0.18522239
1830,19_1830-03-25_p4_sn84020071_00414182938_1830032501_0244,41,0,0,0,0,0,0,0,0,0,0,0,0,0,0,0,0,0,0,0,0,0,0,0,0,0,0,0,0,0.061361007,0.9270885,0.0046566795,0.003749011,0.0031447664
1830,26_1830-09-30_p4_sn84020071_00414182938_1830093001_0352,46,0,0,0,0,0,0,0,0,0,0,0,0,0,0,0,0,0,0,0,0,0,0,0,0,0,0,0,0,0.008825723,0.9804836,0.0043066028,0.0034718197,0.0029122343
1830,25_1830-08-04_p4_sn87062070_0039334295A_1830080401_0081,17,0,0,0,0,0,0,0,0,0,0,0,0,0,0,0,0,0,0,0,0,0,0,0,0,0,0,0,0,0.026312908,0.017275067,0.9376961,0.010187221,0.008528681
1830,11_1830-08-26_p4_sn84020071_00414182938_1830082601_0332,223,0,0,0,0,0,0,0,0,0,0,0,0,0,0,0,0,0,0,0,0,0,0,0,0,0,0,0,0,0.11490446,0.19993661,0.0009495226,0.00076061423,0.6834488
1830,21_1830-03-04_p4_sn84020071_00414182938_1830030401_0232,52,0,0,0,0,0,0,0,0,0,0,0,0,0,0,0,0,0,0,0,0,0,0,0,0,0,0,0,0,0.055439707,0.9345669,0.0040350007,0.0032414303,0.0027169196
1830,1_1830-07-01_p1_sn84020071_00414182938_1830070101_0297,67,0,0,0,0,0,0,0,0,0,0,0,0,0,0,0,0,0,0,0,0,0,0,0,0,0,0,0,0,0.0059786215,0.0039816173,0.9856042,0.0024120219,0.0020235477
1830,8_1830-05-12_p3_sn87062070_0039334295A_1830051201_0032,84,0,0,0,0,0,0,0,0,0,0,0,0,0,0,0,0,0,0,0,0,0,0,0,0,0,0,0,0,0.84677863,0.003047594,0.14689206,0.0017867076,0.0014950121
1830,5_1830-06-02_p3_sn87062070_0039334295A_1830060201_0044,49,0,0,0,0,0,0,0,0,0,0,0,0,0,0,0,0,0,0,0,0,0,0,0,0,0,0,0,0,0.00883717,0.005906164,0.0044360454,0.00356135,0.9772592
1830,1_1830-10-27_p3_sn87062070_0039334295A_1830102701_0128,184,0,0,0,0,0,0,0,0,0,0,0,0,0,0,0,0,0,0,0,0,0,0,0,0,0,0,0,0,0.07333535,0.0017803607,0.10441608,0.0010676524,0.8194006
1830,4_1830-10-13_p2_sn87062070_0039334295A_1830101301_0119,46,0,0,0,0,0,0,0,0,0,0,0,0,0,0,0,0,0,0,0,0,0,0,0,0,0,0,0,0,0.012475134,0.006518895,0.0048443084,0.0038638567,0.9722978
1830,22_1830-02-18_p3_sn84020071_00414182938_1830021801_0223,28,0,0,0,0,0,0,0,0,0,0,0,0,0,0,0,0,0,0,0,0,0,0,0,0,0,0,0,0,0.016869698,0.31192338,0.6602913,0.0059376145,0.0049779946
1830,5_1830-11-04_p2_sn84020071_00414182938_1830110401_0370,423,0,0,0,0,0,0,0,0,0,0,0,0,0,0,0,0,0,0,0,0,0,0,0,0,0,0,0,0,0.0750587,0.0006847762,0.46913022,0.00040374382,0.4547226
1830,17_1830-01-07_p2_sn84020071_00414182938_1830010701_0198,10,0,0,0,0,0,0,0,0,0,0,0,0,0,0,0,0,0,0,0,0,0,0,0,0,0,0,0,0,0.038073152,0.60013014,0.01615561,0.33477426,0.010866819
1830,5_1830-11-18_p2_sn84020071_00414182938_1830111801_0378,433,0,0,0,0,0,0,0,0,0,0,0,0,0,0,0,0,0,0,0,0,0,0,0,0,0,0,0,0,0.0011270994,0.0006802164,0.00050629635,0.0004064486,0.99727994
1830,12_1830-09-23_p1_sn84020071_00414182938_1830092301_0345,60,0,0,0,0,0,0,0,0,0,0,0,0,0,0,0,0,0,0,0,0,0,0,0,0,0,0,0,0,0.98667043,0.0046931533,0.003498846,0.0027950318,0.002342552
1830,3_1830-09-30_p1_sn84020071_00414182938_1830093001_0349,69,0,0,0,0,0,0,0,0,0,0,0,0,0,0,0,0,0,0,0,0,0,0,0,0,0,0,0,0,0.0053440523,0.0035833477,0.9871068,0.002156825,0.0018089706
1830,11_1830-09-16_p4_sn84020071_00414182938_1830091601_0344,369,0,0,0,0,0,0,0,0,0,0,0,0,0,0,0,0,0,0,0,0,0,0,0,0,0,0,0,0,0.6034762,0.051294636,0.0006094503,0.0004871344,0.34413263
1830,12_1830-11-11_p3_sn84020071_00414182938_1830111101_0375,450,0,0,0,0,0,0,0,0,0,0,0,0,0,0,0,0,0,0,0,0,0,0,0,0,0,0,0,0,0.33032513,0.0007420199,0.059642244,0.00043900835,0.6088516
1830,9_1830-08-12_p3_sn84020071_00414182938_1830081201_0323,270,0,0,0,0,0,0,0,0,0,0,0,0,0,0,0,0,0,0,0,0,0,0,0,0,0,0,0,0,0.2552537,0.001158813,0.035495926,0.008511538,0.69958
1830,7_1830-10-06_p4_sn87062070_0039334295A_1830100601_0117,41,0,0,0,0,0,0,0,0,0,0,0,0,0,0,0,0,0,0,0,0,0,0,0,0,0,0,0,0,0.010997015,0.9760349,0.005261216,0.004191852,0.0035150633
1830,2_1830-09-22_p3_sn87062070_0039334295A_1830092201_0108,73,0,0,0,0,0,0,0,0,0,0,0,0,0,0,0,0,0,0,0,0,0,0,0,0,0,0,0,0,0.08044534,0.0040642777,0.0030395174,0.002418997,0.91003186
1830,24_1830-09-01_p4_sn87062070_0039334295A_1830090101_0097,68,0,0,0,0,0,0,0,0,0,0,0,0,0,0,0,0,0,0,0,0,0,0,0,0,0,0,0,0,0.0060789282,0.35011795,0.003009092,0.63876975,0.0020243274
1830,4_1830-04-28_p4_sn87062070_0039334295A_1830042801_0025,192,0,0,0,0,0,0,0,0,0,0,0,0,0,0,0,0,0,0,0,0,0,0,0,0,0,0,0,0,0.0023388695,0.0014604486,0.3956341,0.00088037836,0.59968615
1830,8_1830-09-15_p3_sn87062070_0039334295A_1830091501_0104,75,0,0,0,0,0,0,0,0,0,0,0,0,0,0,0,0,0,0,0,0,0,0,0,0,0,0,0,0,0.6891825,0.0036376377,0.30332065,0.0021004009,0.0017587219
1830,22_1830-12-01_p3_sn87062070_0039334295A_1830120101_0148,237,0,0,0,0,0,0,0,0,0,0,0,0,0,0,0,0,0,0,0,0,0,0,0,0,0,0,0,0,0.03692407,0.091430776,0.1427062,0.00078244874,0.7281565
1830,5_1830-07-07_p1_sn87062070_0039334295A_1830070701_0062,322,0,0,0,0,0,0,0,0,0,0,0,0,0,0,0,0,0,0,0,0,0,0,0,0,0,0,0,0,0.0013286611,0.0008564373,0.16275552,0.0005109336,0.8345484
1830,27_1830-05-13_p4_sn84020071_00414182938_1830051301_0272,52,0,0,0,0,0,0,0,0,0,0,0,0,0,0,0,0,0,0,0,0,0,0,0,0,0,0,0,0,0.2048494,0.0053058956,0.004022504,0.0032431185,0.78257906
1830,6_1830-06-03_p3_sn84020071_00414182938_1830060301_0283,53,0,0,0,0,0,0,0,0,0,0,0,0,0,0,0,0,0,0,0,0,0,0,0,0,0,0,0,0,0.14775728,0.00501418,0.32165408,0.0030324876,0.52254194
1830,32_1830-09-16_p3_sn84020071_00414182938_1830091601_0343,71,0,0,0,0,0,0,0,0,0,0,0,0,0,0,0,0,0,0,0,0,0,0,0,0,0,0,0,0,0.97267973,0.009797788,0.0070462795,0.0056971293,0.0047791214
1830,15_1830-12-02_p3_sn84020071_00414182938_1830120201_0387,26,0,0,0,0,0,0,0,0,0,0,0,0,0,0,0,0,0,0,0,0,0,0,0,0,0,0,0,0,0.81082094,0.010421448,0.0077957846,0.006201165,0.16476068
1830,33_1830-09-23_p4_sn84020071_00414182938_1830092301_0348,22,0,0,0,0,0,0,0,0,0,0,0,0,0,0,0,0,0,0,0,0,0,0,0,0,0,0,0,0,0.25579217,0.015980763,0.011811628,0.009497514,0.70691794
1830,18_1830-11-18_p2_sn84020071_00414182938_1830111801_0378,31,0,0,0,0,0,0,0,0,0,0,0,0,0,0,0,0,0,0,0,0,0,0,0,0,0,0,0,0,0.014472531,0.009088153,0.966359,0.0054814084,0.0045988197
1830,42_1830-09-15_p4_sn87062070_0039334295A_1830091501_0105,70,0,0,0,0,0,0,0,0,0,0,0,0,0,0,0,0,0,0,0,0,0,0,0,0,0,0,0,0,0.0058699236,0.3468744,0.0029104257,0.64238715,0.0019580962
1830,4_1830-10-28_p1_sn84020071_00414182938_1830102801_0365,261,0,0,0,0,0,0,0,0,0,0,0,0,0,0,0,0,0,0,0,0,0,0,0,0,0,0,0,0,0.84641576,0.0011238543,0.00082749693,0.07210064,0.07953227
1830,11_1830-11-17_p4_sn87062070_0039334295A_1830111701_0141,33,0,0,0,0,0,0,0,0,0,0,0,0,0,0,0,0,0,0,0,0,0,0,0,0,0,0,0,0,0.7711387,0.21364208,0.0061660316,0.0049284045,0.004124731
1830,15_1830-05-27_p2_sn84020071_00414182938_1830052701_0278,115,0,0,0,0,0,0,0,0,0,0,0,0,0,0,0,0,0,0,0,0,0,0,0,0,0,0,0,0,0.0034233865,0.0023318722,0.9917498,0.0013570597,0.0011378389
1830,12_1830-06-24_p1_sn84020071_00414182938_1830062401_0293,452,0,0,0,0,0,0,0,0,0,0,0,0,0,0,0,0,0,0,0,0,0,0,0,0,0,0,0,0,0.0010199812,0.5133776,0.47805017,0.00035314134,0.0071990257
1830,8_1830-05-05_p3_sn87062070_0039334295A_1830050501_0028,108,0,0,0,0,0,0,0,0,0,0,0,0,0,0,0,0,0,0,0,0,0,0,0,0,0,0,0,0,0.08985554,0.0022667476,0.06320971,0.001360322,0.8433077
1830,3_1830-11-25_p3_sn84020071_00414182938_1830112501_0383,83,0,0,0,0,0,0,0,0,0,0,0,0,0,0,0,0,0,0,0,0,0,0,0,0,0,0,0,0,0.055533886,0.93817884,0.0025437877,0.0020362139,0.0017072421
1830,4_1830-11-25_p4_sn84020071_00414182938_1830112501_0384,287,0,0,0,0,0,0,0,0,0,0,0,0,0,0,0,0,0,0,0,0,0,0,0,0,0,0,0,0,0.9343348,0.015098233,0.04953374,0.00056229293,0.0004709244
1830,3_1830-08-19_p3_sn84020071_00414182938_1830081901_0327,40,0,0,0,0,0,0,0,0,0,0,0,0,0,0,0,0,0,0,0,0,0,0,0,0,0,0,0,0,0.25993165,0.058608316,0.0061366856,0.0049203965,0.670403
1830,6_1830-06-23_p2_sn87062070_0039334295A_1830062301_0055,330,0,0,0,0,0,0,0,0,0,0,0,0,0,0,0,0,0,0,0,0,0,0,0,0,0,0,0,0,0.2902025,0.04088448,0.00070642104,0.107272625,0.56093395
1830,17_1830-09-30_p3_sn84020071_00414182938_1830093001_0351,75,0,0,0,0,0,0,0,0,0,0,0,0,0,0,0,0,0,0,0,0,0,0,0,0,0,0,0,0,0.071402065,0.005358052,0.0040455945,0.0032509498,0.9159433
1830,10_1830-04-28_p2_sn87062070_0039334295A_1830042801_0023,186,0,0,0,0,0,0,0,0,0,0,0,0,0,0,0,0,0,0,0,0,0,0,0,0,0,0,0,0,0.0024958593,0.0015080195,0.34987658,0.00088665454,0.64523286
1830,8_1830-07-28_p3_sn87062070_0039334295A_1830072801_0076,11,0,0,0,0,0,0,0,0,0,0,0,0,0,0,0,0,0,0,0,0,0,0,0,0,0,0,0,0,0.9369974,0.022710722,0.01643516,0.012996104,0.010860567
1830,3_1830-04-29_p3_sn84020071_00414182938_1830042901_0263,210,0,0,0,0,0,0,0,0,0,0,0,0,0,0,0,0,0,0,0,0,0,0,0,0,0,0,0,0,0.0022573685,0.9949266,0.0011352621,0.00091524125,0.0007655532
1830,3_1830-11-04_p3_sn84020071_00414182938_1830110401_0371,134,0,0,0,0,0,0,0,0,0,0,0,0,0,0,0,0,0,0,0,0,0,0,0,0,0,0,0,0,0.80995953,0.18527058,0.0019226876,0.0015479549,0.0012991746
1830,12_1830-05-13_p4_sn84020071_00414182938_1830051301_0272,208,0,0,0,0,0,0,0,0,0,0,0,0,0,0,0,0,0,0,0,0,0,0,0,0,0,0,0,0,0.0018339728,0.9958546,0.0009317196,0.00075127033,0.0006284584
1830,10_1830-06-23_p4_sn87062070_0039334295A_1830062301_0057,193,0,0,0,0,0,0,0,0,0,0,0,0,0,0,0,0,0,0,0,0,0,0,0,0,0,0,0,0,0.9383105,0.01892423,0.0012362496,0.000991281,0.04053773
1830,29_1830-04-15_p3_sn84020071_00414182938_1830041501_0255,15,0,0,0,0,0,0,0,0,0,0,0,0,0,0,0,0,0,0,0,0,0,0,0,0,0,0,0,0,0.036983687,0.33419955,0.6124305,0.008920416,0.0074658073
1830,12_1830-11-03_p4_sn87062070_0039334295A_1830110301_0133,33,0,0,0,0,0,0,0,0,0,0,0,0,0,0,0,0,0,0,0,0,0,0,0,0,0,0,0,0,0.010926576,0.97537243,0.0055204444,0.004448758,0.0037317371
1830,14_1830-02-11_p3_sn84020071_00414182938_1830021101_0219,60,0,0,0,0,0,0,0,0,0,0,0,0,0,0,0,0,0,0,0,0,0,0,0,0,0,0,0,0,0.011933816,0.043652114,0.4272975,0.004319954,0.5127966
1830,11_1830-09-22_p3_sn87062070_0039334295A_1830092201_0108,404,0,0,0,0,0,0,0,0,0,0,0,0,0,0,0,0,0,0,0,0,0,0,0,0,0,0,0,0,0.75702876,0.03703779,0.050324563,0.06951918,0.0860897
1830,6_1830-05-26_p1_sn87062070_0039334295A_1830052601_0038,52,0,0,0,0,0,0,0,0,0,0,0,0,0,0,0,0,0,0,0,0,0,0,0,0,0,0,0,0,0.0070315152,0.004691215,0.98304176,0.002847223,0.0023882505
1830,7_1830-06-02_p3_sn87062070_0039334295A_1830060201_0044,16,0,0,0,0,0,0,0,0,0,0,0,0,0,0,0,0,0,0,0,0,0,0,0,0,0,0,0,0,0.61961865,0.01990233,0.0147848865,0.011868322,0.33382583
1830,14_1830-08-19_p4_sn84020071_00414182938_1830081901_0328,114,0,0,0,0,0,0,0,0,0,0,0,0,0,0,0,0,0,0,0,0,0,0,0,0,0,0,0,0,0.9927896,0.00252114,0.0019005853,0.001516832,0.0012718644
1830,17_1830-11-04_p1_sn84020071_00414182938_1830110401_0369,17,0,0,0,0,0,0,0,0,0,0,0,0,0,0,0,0,0,0,0,0,0,0,0,0,0,0,0,0,0.78156084,0.015812756,0.011988058,0.009500817,0.18113753
1830,3_1830-06-24_p2_sn84020071_00414182938_1830062401_0294,491,0,0,0,0,0,0,0,0,0,0,0,0,0,0,0,0,0,0,0,0,0,0,0,0,0,0,0,0,0.00089816673,0.26224545,0.7362405,0.00033512225,0.00028075464
1830,1_1830-08-04_p1_sn87062070_0039334295A_1830080401_0078,297,0,0,0,0,0,0,0,0,0,0,0,0,0,0,0,0,0,0,0,0,0,0,0,0,0,0,0,0,0.49216515,0.001048513,0.0007911638,0.04926645,0.45672876
1830,4_1830-06-09_p2_sn87062070_0039334295A_1830060901_0047,289,0,0,0,0,0,0,0,0,0,0,0,0,0,0,0,0,0,0,0,0,0,0,0,0,0,0,0,0,0.49289373,0.0011386871,0.0008366464,0.12983288,0.37529802
1830,9_1830-12-29_p3_sn87062070_0039334295A_1830122901_0164,263,0,0,0,0,0,0,0,0,0,0,0,0,0,0,0,0,0,0,0,0,0,0,0,0,0,0,0,0,0.26614505,0.0012301632,0.12813318,0.0007183549,0.60377324
1830,6_1830-11-04_p1_sn84020071_00414182938_1830110401_0369,136,0,0,0,0,0,0,0,0,0,0,0,0,0,0,0,0,0,0,0,0,0,0,0,0,0,0,0,0,0.57811296,0.0019973998,0.41766852,0.0012079293,0.0010133098
1830,35_1830-12-02_p3_sn84020071_00414182938_1830120201_0387,25,0,0,0,0,0,0,0,0,0,0,0,0,0,0,0,0,0,0,0,0,0,0,0,0,0,0,0,0,0.025211118,0.24520001,0.7150171,0.007924653,0.006647225
1830,7_1830-04-29_p3_sn84020071_00414182938_1830042901_0263,225,0,0,0,0,0,0,0,0,0,0,0,0,0,0,0,0,0,0,0,0,0,0,0,0,0,0,0,0,0.10920579,0.09963374,0.43743202,0.00080662844,0.35292178
1830,4_1830-12-09_p2_sn84020071_00414182938_1830120901_0390,412,0,0,0,0,0,0,0,0,0,0,0,0,0,0,0,0,0,0,0,0,0,0,0,0,0,0,0,0,0.59228384,0.0006651019,0.0005388813,0.0003944645,0.40611762
1830,11_1830-11-04_p3_sn84020071_00414182938_1830110401_0371,317,0,0,0,0,0,0,0,0,0,0,0,0,0,0,0,0,0,0,0,0,0,0,0,0,0,0,0,0,0.43035725,0.0009910319,0.0007474487,0.06335463,0.5045496
1830,33_1830-03-11_p3_sn84020071_00414182938_1830031101_0235,7,0,0,0,0,0,0,0,0,0,0,0,0,0,0,0,0,0,0,0,0,0,0,0,0,0,0,0,0,0.9039142,0.033362247,0.025310388,0.020350376,0.01706279
1830,2_1830-03-04_p1_sn84020071_00414182938_1830030401_0229,212,0,0,0,0,0,0,0,0,0,0,0,0,0,0,0,0,0,0,0,0,0,0,0,0,0,0,0,0,0.5954169,0.0016009085,0.40122125,0.00095795986,0.00080296246
1830,2_1830-08-11_p2_sn87062070_0039334295A_1830081101_0083,319,0,0,0,0,0,0,0,0,0,0,0,0,0,0,0,0,0,0,0,0,0,0,0,0,0,0,0,0,0.12677465,0.0009873309,0.00073433534,0.00058737997,0.87091625
1830,12_1830-03-31_p2_sn87062070_0039334295A_1830033101_0007,21,0,0,0,0,0,0,0,0,0,0,0,0,0,0,0,0,0,0,0,0,0,0,0,0,0,0,0,0,0.29014203,0.012211341,0.008917045,0.0071285847,0.681601
1830,4_1830-02-11_p2_sn84020071_00414182938_1830021101_0218,409,0,0,0,0,0,0,0,0,0,0,0,0,0,0,0,0,0,0,0,0,0,0,0,0,0,0,0,0,0.0010102126,0.00064797245,0.06329896,0.091371045,0.8436718
1830,17_1830-10-21_p1_sn84020071_00414182938_1830102101_0361,33,0,0,0,0,0,0,0,0,0,0,0,0,0,0,0,0,0,0,0,0,0,0,0,0,0,0,0,0,0.27855554,0.009775223,0.0074120373,0.0059405454,0.6983167
1830,46_1830-10-27_p4_sn87062070_0039334295A_1830102701_0129,22,0,0,0,0,0,0,0,0,0,0,0,0,0,0,0,0,0,0,0,0,0,0,0,0,0,0,0,0,0.019991508,0.9579423,0.008956822,0.007130006,0.0059794653
1830,7_1830-10-21_p3_sn84020071_00414182938_1830102101_0363,24,0,0,0,0,0,0,0,0,0,0,0,0,0,0,0,0,0,0,0,0,0,0,0,0,0,0,0,0,0.784482,0.012209916,0.008857798,0.007134191,0.18731605
1830,5_1830-05-20_p1_sn84020071_00414182938_1830052001_0273,67,0,0,0,0,0,0,0,0,0,0,0,0,0,0,0,0,0,0,0,0,0,0,0,0,0,0,0,0,0.006097008,0.004074203,0.9853166,0.0024537037,0.0020585202
1830,11_1830-07-14_p3_sn87062070_0039334295A_1830071401_0068,26,0,0,0,0,0,0,0,0,0,0,0,0,0,0,0,0,0,0,0,0,0,0,0,0,0,0,0,0,0.52037835,0.26669544,0.007457896,0.08557168,0.11989662
1830,7_1830-09-22_p4_sn87062070_0039334295A_1830092201_0109,254,0,0,0,0,0,0,0,0,0,0,0,0,0,0,0,0,0,0,0,0,0,0,0,0,0,0,0,0,0.8851127,0.0011806124,0.11240103,0.0007104864,0.000595114
1830,2_1830-06-09_p2_sn87062070_0039334295A_1830060901_0047,311,0,0,0,0,0,0,0,0,0,0,0,0,0,0,0,0,0,0,0,0,0,0,0,0,0,0,0,0,0.0014882748,0.05939461,0.00067421305,0.0005413854,0.93790144
1830,5_1830-06-10_p2_sn84020071_00414182938_1830061001_0286,456,0,0,0,0,0,0,0,0,0,0,0,0,0,0,0,0,0,0,0,0,0,0,0,0,0,0,0,0,0.0009842338,0.0006417734,0.9976806,0.00037717848,0.00031625715
1830,3_1830-12-01_p1_sn87062070_0039334295A_1830120101_0146,320,0,0,0,0,0,0,0,0,0,0,0,0,0,0,0,0,0,0,0,0,0,0,0,0,0,0,0,0,0.0013298759,0.00086665055,0.09557082,0.00052024814,0.9017124
1830,23_1830-06-02_p3_sn87062070_0039334295A_1830060201_0044,19,0,0,0,0,0,0,0,0,0,0,0,0,0,0,0,0,0,0,0,0,0,0,0,0,0,0,0,0,0.019486649,0.43407032,0.53264165,0.007510177,0.006291289
1830,6_1830-06-24_p4_sn84020071_00414182938_1830062401_0296,293,0,0,0,0,0,0,0,0,0,0,0,0,0,0,0,0,0,0,0,0,0,0,0,0,0,0,0,0,0.41201115,0.10255973,0.4479334,0.0006513034,0.036844365
1830,32_1830-11-03_p4_sn87062070_0039334295A_1830110301_0133,118,0,0,0,0,0,0,0,0,0,0,0,0,0,0,0,0,0,0,0,0,0,0,0,0,0,0,0,0,0.43600494,0.5597643,0.0017107932,0.0013707576,0.0011491878
1830,2_1830-04-29_p1_sn84020071_00414182938_1830042901_0261,77,0,0,0,0,0,0,0,0,0,0,0,0,0,0,0,0,0,0,0,0,0,0,0,0,0,0,0,0,0.28009954,0.004291467,0.0031332395,0.49864846,0.2138273
1830,5_1830-10-21_p3_sn84020071_00414182938_1830102101_0363,84,0,0,0,0,0,0,0,0,0,0,0,0,0,0,0,0,0,0,0,0,0,0,0,0,0,0,0,0,0.0060204556,0.68895674,0.3013805,0.0019806116,0.00166163
1830,6_1830-12-16_p3_sn84020071_00414182938_1830121601_0395,44,0,0,0,0,0,0,0,0,0,0,0,0,0,0,0,0,0,0,0,0,0,0,0,0,0,0,0,0,0.011398099,0.8676804,0.004536483,0.11331855,0.0030664366
1830,6_1830-05-20_p4_sn84020071_00414182938_1830052001_0276,177,0,0,0,0,0,0,0,0,0,0,0,0,0,0,0,0,0,0,0,0,0,0,0,0,0,0,0,0,0.93917596,0.0019707363,0.0014827427,0.05637429,0.00099627
1830,8_1830-04-28_p4_sn87062070_0039334295A_1830042801_0025,108,0,0,0,0,0,0,0,0,0,0,0,0,0,0,0,0,0,0,0,0,0,0,0,0,0,0,0,0,0.60161346,0.003051274,0.002304652,0.0018554095,0.39117512
1830,34_1830-05-12_p4_sn87062070_0039334295A_1830051201_0033,28,0,0,0,0,0,0,0,0,0,0,0,0,0,0,0,0,0,0,0,0,0,0,0,0,0,0,0,0,0.7203135,0.010489024,0.2577676,0.006223374,0.005206542
1830,2_1830-05-27_p3_sn84020071_00414182938_1830052701_0279,111,0,0,0,0,0,0,0,0,0,0,0,0,0,0,0,0,0,0,0,0,0,0,0,0,0,0,0,0,0.5374362,0.0027426637,0.38596624,0.0016020146,0.072252885
1830,10_1830-06-03_p3_sn84020071_00414182938_1830060301_0283,27,0,0,0,0,0,0,0,0,0,0,0,0,0,0,0,0,0,0,0,0,0,0,0,0,0,0,0,0,0.5130715,0.2189025,0.008902895,0.2531465,0.005976659
1830,9_1830-09-15_p2_sn87062070_0039334295A_1830091501_0103,68,0,0,0,0,0,0,0,0,0,0,0,0,0,0,0,0,0,0,0,0,0,0,0,0,0,0,0,0,0.41029856,0.005406372,0.43450484,0.0032497293,0.14654061
1830,38_1830-10-20_p4_sn87062070_0039334295A_1830102001_0125,97,0,0,0,0,0,0,0,0,0,0,0,0,0,0,0,0,0,0,0,0,0,0,0,0,0,0,0,0,0.003869112,0.0026505738,0.0019588755,0.9902091,0.0013122658
1830,4_1830-05-12_p1_sn87062070_0039334295A_1830051201_0030,339,0,0,0,0,0,0,0,0,0,0,0,0,0,0,0,0,0,0,0,0,0,0,0,0,0,0,0,0,0.7324335,0.0008737817,0.0006475929,0.0005212269,0.26552388
1830,3_1830-07-14_p3_sn87062070_0039334295A_1830071401_0068,53,0,0,0,0,0,0,0,0,0,0,0,0,0,0,0,0,0,0,0,0,0,0,0,0,0,0,0,0,0.56841475,0.0051778005,0.15120366,0.0030368534,0.2721669
1830,2_1830-06-17_p2_sn84020071_00414182938_1830061701_0290,409,0,0,0,0,0,0,0,0,0,0,0,0,0,0,0,0,0,0,0,0,0,0,0,0,0,0,0,0,0.16055848,0.039457794,0.02787905,0.0004207155,0.771684
1830,4_1830-11-03_p3_sn87062070_0039334295A_1830110301_0132,412,0,0,0,0,0,0,0,0,0,0,0,0,0,0,0,0,0,0,0,0,0,0,0,0,0,0,0,0,0.41850102,0.06912134,0.08487119,0.00040425957,0.42710218
1830,6_1830-09-02_p3_sn84020071_00414182938_1830090201_0335,28,0,0,0,0,0,0,0,0,0,0,0,0,0,0,0,0,0,0,0,0,0,0,0,0,0,0,0,0,0.020159671,0.9579089,0.0088337,0.0071237176,0.0059739407
1830,1_1830-12-09_p1_sn84020071_00414182938_1830120901_0389,206,0,0,0,0,0,0,0,0,0,0,0,0,0,0,0,0,0,0,0,0,0,0,0,0,0,0,0,0,0.65539414,0.001732613,0.34095928,0.0010409266,0.00087306596
1830,5_1830-04-08_p4_sn84020071_00414182938_1830040801_0252,269,0,0,0,0,0,0,0,0,0,0,0,0,0,0,0,0,0,0,0,0,0,0,0,0,0,0,0,0,0.79213005,0.0011287441,0.0008398704,0.00067698234,0.2052244
1830,25_1830-08-26_p4_sn84020071_00414182938_1830082601_0332,105,0,0,0,0,0,0,0,0,0,0,0,0,0,0,0,0,0,0,0,0,0,0,0,0,0,0,0,0,0.8781173,0.04986098,0.0019699347,0.06872203,0.0013297737
1830,1_1830-03-04_p2_sn84020071_00414182938_1830030401_0230,392,0,0,0,0,0,0,0,0,0,0,0,0,0,0,0,0,0,0,0,0,0,0,0,0,0,0,0,0,0.0012289762,0.0007268095,0.0005323881,0.013233992,0.98427784
1830,15_1830-11-17_p4_sn87062070_0039334295A_1830111701_0141,34,0,0,0,0,0,0,0,0,0,0,0,0,0,0,0,0,0,0,0,0,0,0,0,0,0,0,0,0,0.8244876,0.16030723,0.006164503,0.004917233,0.0041234484
1830,4_1830-11-03_p1_sn87062070_0039334295A_1830110301_0130,24,0,0,0,0,0,0,0,0,0,0,0,0,0,0,0,0,0,0,0,0,0,0,0,0,0,0,0,0,0.018363748,0.012241526,0.95561546,0.007494521,0.0062847245
1830,3_1830-04-15_p2_sn84020071_00414182938_1830041501_0254,48,0,0,0,0,0,0,0,0,0,0,0,0,0,0,0,0,0,0,0,0,0,0,0,0,0,0,0,0,0.26697755,0.007922409,0.35969764,0.0047611385,0.36064133
1830,62_1830-09-15_p4_sn87062070_0039334295A_1830091501_0105,3,0,0,0,0,0,0,0,0,0,0,0,0,0,0,0,0,0,0,0,0,0,0,0,0,0,0,0,0,0.65680474,0.12370105,0.08852942,0.07128692,0.059677914
1830,6_1830-11-11_p3_sn84020071_00414182938_1830111101_0375,20,0,0,0,0,0,0,0,0,0,0,0,0,0,0,0,0,0,0,0,0,0,0,0,0,0,0,0,0,0.22899602,0.139828,0.33885854,0.007509455,0.28480798
1830,15_1830-09-01_p4_sn87062070_0039334295A_1830090101_0097,52,0,0,0,0,0,0,0,0,0,0,0,0,0,0,0,0,0,0,0,0,0,0,0,0,0,0,0,0,0.007673346,0.005236213,0.98127425,0.003162943,0.0026533117
1830,3_1830-11-03_p4_sn87062070_0039334295A_1830110301_0133,42,0,0,0,0,0,0,0,0,0,0,0,0,0,0,0,0,0,0,0,0,0,0,0,0,0,0,0,0,0.3002421,0.0069854115,0.0052057267,0.684051,0.0035157667
1830,5_1830-12-08_p4_sn87062070_0039334295A_1830120801_0153,50,0,0,0,0,0,0,0,0,0,0,0,0,0,0,0,0,0,0,0,0,0,0,0,0,0,0,0,0,0.00899833,0.9797266,0.0045615514,0.0036509996,0.0030624752
1830,1_1830-06-02_p4_sn87062070_0039334295A_1830060201_0045,130,0,0,0,0,0,0,0,0,0,0,0,0,0,0,0,0,0,0,0,0,0,0,0,0,0,0,0,0,0.11128865,0.0021159851,0.0015739882,0.001262015,0.8837593
1830,23_1830-04-08_p1_sn84020071_00414182938_1830040801_0249,54,0,0,0,0,0,0,0,0,0,0,0,0,0,0,0,0,0,0,0,0,0,0,0,0,0,0,0,0,0.007251295,0.27473047,0.71255636,0.0029724366,0.0024894448
1830,14_1830-12-02_p1_sn84020071_00414182938_1830120201_0385,62,0,0,0,0,0,0,0,0,0,0,0,0,0,0,0,0,0,0,0,0,0,0,0,0,0,0,0,0,0.095336564,0.005597657,0.89282244,0.00339495,0.0028484284
1830,4_1830-03-25_p3_sn84020071_00414182938_1830032501_0243,129,0,0,0,0,0,0,0,0,0,0,0,0,0,0,0,0,0,0,0,0,0,0,0,0,0,0,0,0,0.54107845,0.002375824,0.06837943,0.0014267798,0.3867395
1830,2_1830-04-01_p4_sn84020071_00414182938_1830040101_0248,214,0,0,0,0,0,0,0,0,0,0,0,0,0,0,0,0,0,0,0,0,0,0,0,0,0,0,0,0,0.9959371,0.0014190052,0.001064256,0.00085928495,0.0007202927
1830,9_1830-03-11_p4_sn84020071_00414182938_1830031101_0236,295,0,0,0,0,0,0,0,0,0,0,0,0,0,0,0,0,0,0,0,0,0,0,0,0,0,0,0,0,0.028200425,0.08347345,0.0007455675,0.00059570366,0.8869849
1830,8_1830-12-29_p2_sn87062070_0039334295A_1830122901_0163,311,0,0,0,0,0,0,0,0,0,0,0,0,0,0,0,0,0,0,0,0,0,0,0,0,0,0,0,0,0.0015272482,0.00087991037,0.36143017,0.00051921996,0.6356435
1830,3_1830-09-15_p1_sn87062070_0039334295A_1830091501_0102,276,0,0,0,0,0,0,0,0,0,0,0,0,0,0,0,0,0,0,0,0,0,0,0,0,0,0,0,0,0.66681653,0.0011115089,0.00083691324,0.03266758,0.2985674
1830,14_1830-06-30_p3_sn87062070_0039334295A_1830063001_0060,10,0,0,0,0,0,0,0,0,0,0,0,0,0,0,0,0,0,0,0,0,0,0,0,0,0,0,0,0,0.36892787,0.56829715,0.025327649,0.020375883,0.017071422
1830,14_1830-08-18_p4_sn87062070_0039334295A_1830081801_0089,68,0,0,0,0,0,0,0,0,0,0,0,0,0,0,0,0,0,0,0,0,0,0,0,0,0,0,0,0,0.0060817664,0.3343037,0.0030086068,0.65458155,0.0020243751
1830,4_1830-09-01_p3_sn87062070_0039334295A_1830090101_0096,17,0,0,0,0,0,0,0,0,0,0,0,0,0,0,0,0,0,0,0,0,0,0,0,0,0,0,0,0,0.0258775,0.942646,0.012756951,0.010189317,0.008530253
1830,1_1830-05-27_p3_sn84020071_00414182938_1830052701_0279,123,0,0,0,0,0,0,0,0,0,0,0,0,0,0,0,0,0,0,0,0,0,0,0,0,0,0,0,0,0.0035470345,0.047510184,0.69557476,0.0012840893,0.25208396
1830,17_1830-08-18_p1_sn87062070_0039334295A_1830081801_0086,11,0,0,0,0,0,0,0,0,0,0,0,0,0,0,0,0,0,0,0,0,0,0,0,0,0,0,0,0,0.044442844,0.029103983,0.022281524,0.017844945,0.8863267
1830,12_1830-06-02_p4_sn87062070_0039334295A_1830060201_0045,98,0,0,0,0,0,0,0,0,0,0,0,0,0,0,0,0,0,0,0,0,0,0,0,0,0,0,0,0,0.9918016,0.0028388163,0.0021613997,0.0017399042,0.0014582452
1830,6_1830-10-27_p4_sn87062070_0039334295A_1830102701_0129,152,0,0,0,0,0,0,0,0,0,0,0,0,0,0,0,0,0,0,0,0,0,0,0,0,0,0,0,0,0.003562463,0.0021848807,0.0016530092,0.8435005,0.1490992
1830,6_1830-12-29_p3_sn87062070_0039334295A_1830122901_0164,92,0,0,0,0,0,0,0,0,0,0,0,0,0,0,0,0,0,0,0,0,0,0,0,0,0,0,0,0,0.34692842,0.33862796,0.0023392916,0.0018864452,0.3102179
1830,6_1830-06-09_p4_sn87062070_0039334295A_1830060901_0049,47,0,0,0,0,0,0,0,0,0,0,0,0,0,0,0,0,0,0,0,0,0,0,0,0,0,0,0,0,0.034441277,0.66624725,0.004554594,0.0036577038,0.2910992
1830,3_1830-10-13_p2_sn87062070_0039334295A_1830101301_0119,122,0,0,0,0,0,0,0,0,0,0,0,0,0,0,0,0,0,0,0,0,0,0,0,0,0,0,0,0,0.29437792,0.0027020203,0.24289457,0.0015856508,0.45843986
1830,19_1830-09-29_p3_sn87062070_0039334295A_1830092901_0112,48,0,0,0,0,0,0,0,0,0,0,0,0,0,0,0,0,0,0,0,0,0,0,0,0,0,0,0,0,0.76344526,0.22356485,0.0052684597,0.0042002783,0.003521251
1830,1_1830-12-02_p4_sn84020071_00414182938_1830120201_0388,231,0,0,0,0,0,0,0,0,0,0,0,0,0,0,0,0,0,0,0,0,0,0,0,0,0,0,0,0,0.33227724,0.0017111936,0.0012537783,0.5052716,0.15948619
1830,1_1830-05-05_p4_sn87062070_0039334295A_1830050501_0029,77,0,0,0,0,0,0,0,0,0,0,0,0,0,0,0,0,0,0,0,0,0,0,0,0,0,0,0,0,0.95512307,0.0038200438,0.0028199588,0.03633892,0.0018980438
1830,27_1830-04-08_p4_sn84020071_00414182938_1830040801_0252,77,0,0,0,0,0,0,0,0,0,0,0,0,0,0,0,0,0,0,0,0,0,0,0,0,0,0,0,0,0.98821956,0.004085886,0.0030924166,0.0025057176,0.0020963594
1830,3_1830-05-13_p2_sn84020071_00414182938_1830051301_0270,458,0,0,0,0,0,0,0,0,0,0,0,0,0,0,0,0,0,0,0,0,0,0,0,0,0,0,0,0,0.0009611849,0.00062300795,0.20124415,0.00037557993,0.7967961
1830,20_1830-02-11_p4_sn84020071_00414182938_1830021101_0220,45,0,0,0,0,0,0,0,0,0,0,0,0,0,0,0,0,0,0,0,0,0,0,0,0,0,0,0,0,0.00900042,0.87286913,0.11203048,0.0033198625,0.0027802147
1830,12_1830-03-04_p4_sn84020071_00414182938_1830030401_0232,26,0,0,0,0,0,0,0,0,0,0,0,0,0,0,0,0,0,0,0,0,0,0,0,0,0,0,0,0,0.017344767,0.96351784,0.00772889,0.006205294,0.005203199
1830,15_1830-12-15_p2_sn87062070_0039334295A_1830121501_0155,158,0,0,0,0,0,0,0,0,0,0,0,0,0,0,0,0,0,0,0,0,0,0,0,0,0,0,0,0,0.0031711245,0.0021393204,0.0015778923,0.0012626123,0.99184906
1830,36_1830-04-01_p4_sn84020071_00414182938_1830040101_0248,20,0,0,0,0,0,0,0,0,0,0,0,0,0,0,0,0,0,0,0,0,0,0,0,0,0,0,0,0,0.9599718,0.014019209,0.010585188,0.008392295,0.0070315567
1830,16_1830-06-02_p2_sn87062070_0039334295A_1830060201_0043,84,0,0,0,0,0,0,0,0,0,0,0,0,0,0,0,0,0,0,0,0,0,0,0,0,0,0,0,0,0.6437657,0.0037486192,0.19074567,0.00226629,0.15947376
1830,4_1830-06-17_p1_sn84020071_00414182938_1830061701_0289,309,0,0,0,0,0,0,0,0,0,0,0,0,0,0,0,0,0,0,0,0,0,0,0,0,0,0,0,0,0.58349067,0.015938852,0.0007699968,0.03094122,0.36885935
1830,1_1830-08-25_p1_sn87062070_0039334295A_1830082501_0090,125,0,0,0,0,0,0,0,0,0,0,0,0,0,0,0,0,0,0,0,0,0,0,0,0,0,0,0,0,0.45915818,0.00215489,0.0016231606,0.23787628,0.29918754
1830,19_1830-12-01_p3_sn87062070_0039334295A_1830120101_0148,66,0,0,0,0,0,0,0,0,0,0,0,0,0,0,0,0,0,0,0,0,0,0,0,0,0,0,0,0,0.0072151464,0.0044087493,0.6896916,0.29650974,0.0021747318
1830,17_1830-09-16_p1_sn84020071_00414182938_1830091601_0341,5,0,0,0,0,0,0,0,0,0,0,0,0,0,0,0,0,0,0,0,0,0,0,0,0,0,0,0,0,0.4346062,0.03906391,0.029507803,0.023753,0.47306907
1830,10_1830-10-07_p2_sn84020071_00414182938_1830100701_0354,60,0,0,0,0,0,0,0,0,0,0,0,0,0,0,0,0,0,0,0,0,0,0,0,0,0,0,0,0,0.92768854,0.0054696803,0.004030551,0.0032433185,0.05956791
1830,12_1830-09-01_p3_sn87062070_0039334295A_1830090101_0096,10,0,0,0,0,0,0,0,0,0,0,0,0,0,0,0,0,0,0,0,0,0,0,0,0,0,0,0,0,0.044425976,0.42877853,0.49398902,0.017870305,0.014936226
1830,31_1830-07-01_p3_sn84020071_00414182938_1830070101_0299,44,0,0,0,0,0,0,0,0,0,0,0,0,0,0,0,0,0,0,0,0,0,0,0,0,0,0,0,0,0.46608144,0.0057908525,0.0042416635,0.0033944857,0.52049154
1830,7_1830-07-01_p2_sn84020071_00414182938_1830070101_0298,404,0,0,0,0,0,0,0,0,0,0,0,0,0,0,0,0,0,0,0,0,0,0,0,0,0,0,0,0,0.09115558,0.0006999831,0.00051621813,0.00041347116,0.90721476
1830,13_1830-05-06_p1_sn84020071_00414182938_1830050601_0265,11,0,0,0,0,0,0,0,0,0,0,0,0,0,0,0,0,0,0,0,0,0,0,0,0,0,0,0,0,0.04917944,0.9069147,0.017714921,0.014242958,0.01194799
1830,13_1830-09-22_p3_sn87062070_0039334295A_1830092201_0108,11,0,0,0,0,0,0,0,0,0,0,0,0,0,0,0,0,0,0,0,0,0,0,0,0,0,0,0,0,0.93099606,0.024988173,0.017820928,0.014235626,0.011959185
1830,2_1830-06-02_p4_sn87062070_0039334295A_1830060201_0045,276,0,0,0,0,0,0,0,0,0,0,0,0,0,0,0,0,0,0,0,0,0,0,0,0,0,0,0,0,0.45839757,0.0011433974,0.0008517519,0.0006826922,0.5389246
1830,25_1830-12-29_p3_sn87062070_0039334295A_1830122901_0164,11,0,0,0,0,0,0,0,0,0,0,0,0,0,0,0,0,0,0,0,0,0,0,0,0,0,0,0,0,0.79830474,0.027301405,0.14514878,0.01594106,0.0133039495
1830,2_1830-11-24_p3_sn87062070_0039334295A_1830112401_0144,292,0,0,0,0,0,0,0,0,0,0,0,0,0,0,0,0,0,0,0,0,0,0,0,0,0,0,0,0,0.6997,0.0009847616,0.0007282938,0.08600006,0.21258682
1830,2_1830-06-30_p3_sn87062070_0039334295A_1830063001_0060,85,0,0,0,0,0,0,0,0,0,0,0,0,0,0,0,0,0,0,0,0,0,0,0,0,0,0,0,0,0.060919628,0.0034708986,0.0026350166,0.002097176,0.9308772
1830,22_1830-04-21_p3_sn87062070_0039334295A_1830042101_0020,13,0,0,0,0,0,0,0,0,0,0,0,0,0,0,0,0,0,0,0,0,0,0,0,0,0,0,0,0,0.031483185,0.020245753,0.9263964,0.011905433,0.009969214
1830,7_1830-05-20_p3_sn84020071_00414182938_1830052001_0275,86,0,0,0,0,0,0,0,0,0,0,0,0,0,0,0,0,0,0,0,0,0,0,0,0,0,0,0,0,0.006318551,0.9862449,0.0029984002,0.002413964,0.0020241428
1830,11_1830-10-20_p4_sn87062070_0039334295A_1830102001_0125,52,0,0,0,0,0,0,0,0,0,0,0,0,0,0,0,0,0,0,0,0,0,0,0,0,0,0,0,0,0.5154906,0.29011855,0.0039731953,0.18776208,0.002655567
1830,8_1830-01-07_p3_sn84020071_00414182938_1830010701_0199,354,0,0,0,0,0,0,0,0,0,0,0,0,0,0,0,0,0,0,0,0,0,0,0,0,0,0,0,0,0.52428395,0.07365775,0.054686096,0.00063696655,0.34673518
1830,41_1830-03-18_p4_sn84020071_00414182938_1830031801_0240,12,0,0,0,0,0,0,0,0,0,0,0,0,0,0,0,0,0,0,0,0,0,0,0,0,0,0,0,0,0.93788064,0.021999693,0.016300661,0.012948786,0.010870158
1830,18_1830-08-18_p4_sn87062070_0039334295A_1830081801_0089,16,0,0,0,0,0,0,0,0,0,0,0,0,0,0,0,0,0,0,0,0,0,0,0,0,0,0,0,0,0.023863543,0.01594493,0.94272554,0.009503739,0.007962237
1830,3_1830-08-11_p1_sn87062070_0039334295A_1830081101_0082,263,0,0,0,0,0,0,0,0,0,0,0,0,0,0,0,0,0,0,0,0,0,0,0,0,0,0,0,0,0.036551394,0.0010306569,0.08270417,0.0006129526,0.8791008
1830,12_1830-05-13_p1_sn84020071_00414182938_1830051301_0269,455,0,0,0,0,0,0,0,0,0,0,0,0,0,0,0,0,0,0,0,0,0,0,0,0,0,0,0,0,0.00094809517,0.041969858,0.30897528,0.00036291018,0.6477439
1830,19_1830-12-08_p4_sn87062070_0039334295A_1830120801_0153,292,0,0,0,0,0,0,0,0,0,0,0,0,0,0,0,0,0,0,0,0,0,0,0,0,0,0,0,0,0.001726983,0.061152585,0.00074933673,0.0006032319,0.9357678
1830,3_1830-03-31_p2_sn87062070_0039334295A_1830033101_0007,70,0,0,0,0,0,0,0,0,0,0,0,0,0,0,0,0,0,0,0,0,0,0,0,0,0,0,0,0,0.007798074,0.0040257974,0.0030092984,0.0024177926,0.98274904
1830,5_1830-07-14_p2_sn87062070_0039334295A_1830071401_0067,40,0,0,0,0,0,0,0,0,0,0,0,0,0,0,0,0,0,0,0,0,0,0,0,0,0,0,0,0,0.013105411,0.00851259,0.4106414,0.0051304013,0.56261015
1830,2_1830-09-02_p1_sn84020071_00414182938_1830090201_0333,162,0,0,0,0,0,0,0,0,0,0,0,0,0,0,0,0,0,0,0,0,0,0,0,0,0,0,0,0,0.8403197,0.0018920166,0.15572403,0.0011229451,0.00094126654
1830,1_1830-11-17_p4_sn87062070_0039334295A_1830111701_0141,55,0,0,0,0,0,0,0,0,0,0,0,0,0,0,0,0,0,0,0,0,0,0,0,0,0,0,0,0,0.0076907645,0.9827514,0.0038650674,0.0030962112,0.002596458
1830,18_1830-06-16_p3_sn87062070_0039334295A_1830061601_0052,143,0,0,0,0,0,0,0,0,0,0,0,0,0,0,0,0,0,0,0,0,0,0,0,0,0,0,0,0,0.13342516,0.0019551797,0.71977603,0.040673207,0.10417038
1830,2_1830-09-02_p4_sn84020071_00414182938_1830090201_0336,112,0,0,0,0,0,0,0,0,0,0,0,0,0,0,0,0,0,0,0,0,0,0,0,0,0,0,0,0,0.7489671,0.0023942136,0.0017894695,0.06410865,0.18274052
1830,11_1830-06-09_p2_sn87062070_0039334295A_1830060901_0047,17,0,0,0,0,0,0,0,0,0,0,0,0,0,0,0,0,0,0,0,0,0,0,0,0,0,0,0,0,0.023008058,0.015840013,0.011819293,0.009488692,0.93984395
1830,16_1830-09-22_p1_sn87062070_0039334295A_1830092201_0106,50,0,0,0,0,0,0,0,0,0,0,0,0,0,0,0,0,0,0,0,0,0,0,0,0,0,0,0,0,0.6134653,0.0068903044,0.06704969,0.004072447,0.30852234
1830,16_1830-11-17_p4_sn87062070_0039334295A_1830111701_0141,51,0,0,0,0,0,0,0,0,0,0,0,0,0,0,0,0,0,0,0,0,0,0,0,0,0,0,0,0,0.9849886,0.005248381,0.003926129,0.0031782251,0.002658687
1830,1_1830-06-02_p1_sn87062070_0039334295A_1830060201_0042,225,0,0,0,0,0,0,0,0,0,0,0,0,0,0,0,0,0,0,0,0,0,0,0,0,0,0,0,0,0.5622383,0.06934799,0.0010421312,0.030860923,0.3365107
1830,28_1830-06-03_p3_sn84020071_00414182938_1830060301_0283,13,0,0,0,0,0,0,0,0,0,0,0,0,0,0,0,0,0,0,0,0,0,0,0,0,0,0,0,0,0.02760088,0.018045124,0.3966484,0.010974252,0.54673135
1830,15_1830-05-12_p3_sn87062070_0039334295A_1830051201_0032,111,0,0,0,0,0,0,0,0,0,0,0,0,0,0,0,0,0,0,0,0,0,0,0,0,0,0,0,0,0.17283057,0.002537477,0.0018800994,0.0015053899,0.8212465
1830,17_1830-03-25_p4_sn84020071_00414182938_1830032501_0244,31,0,0,0,0,0,0,0,0,0,0,0,0,0,0,0,0,0,0,0,0,0,0,0,0,0,0,0,0,0.2669889,0.71668696,0.0066078473,0.0052855317,0.0044307597
1830,1_1830-12-16_p1_sn84020071_00414182938_1830121601_0393,74,0,0,0,0,0,0,0,0,0,0,0,0,0,0,0,0,0,0,0,0,0,0,0,0,0,0,0,0,0.005791336,0.003885118,0.98603207,0.00233375,0.001957676
1830,2_1830-11-03_p4_sn87062070_0039334295A_1830110301_0133,119,0,0,0,0,0,0,0,0,0,0,0,0,0,0,0,0,0,0,0,0,0,0,0,0,0,0,0,0,0.15241316,0.00274948,0.002085036,0.0016802975,0.841072
1830,7_1830-10-13_p4_sn87062070_0039334295A_1830101301_0121,60,0,0,0,0,0,0,0,0,0,0,0,0,0,0,0,0,0,0,0,0,0,0,0,0,0,0,0,0,0.07845452,0.9134023,0.0032900968,0.0026401677,0.0022129195
1830,7_1830-08-12_p4_sn84020071_00414182938_1830081201_0324,54,0,0,0,0,0,0,0,0,0,0,0,0,0,0,0,0,0,0,0,0,0,0,0,0,0,0,0,0,0.06637454,0.92481273,0.0035609012,0.002855731,0.002396042
1830,24_1830-06-03_p3_sn84020071_00414182938_1830060301_0283,32,0,0,0,0,0,0,0,0,0,0,0,0,0,0,0,0,0,0,0,0,0,0,0,0,0,0,0,0,0.016317515,0.42796174,0.0071320822,0.005708952,0.5428797
1830,15_1830-10-27_p2_sn87062070_0039334295A_1830102701_0127,266,0,0,0,0,0,0,0,0,0,0,0,0,0,0,0,0,0,0,0,0,0,0,0,0,0,0,0,0,0.0022890111,0.13920937,0.00097331847,0.00077998807,0.8567483
1830,10_1830-11-24_p4_sn87062070_0039334295A_1830112401_0145,21,0,0,0,0,0,0,0,0,0,0,0,0,0,0,0,0,0,0,0,0,0,0,0,0,0,0,0,0,0.019873982,0.95806193,0.0089545045,0.007129989,0.005979623
1830,17_1830-10-27_p3_sn87062070_0039334295A_1830102701_0128,6,0,0,0,0,0,0,0,0,0,0,0,0,0,0,0,0,0,0,0,0,0,0,0,0,0,0,0,0,0.08796712,0.05858014,0.788009,0.03559387,0.029849902
1830,11_1830-04-07_p4_sn87062070_0039334295A_1830040701_0013,16,0,0,0,0,0,0,0,0,0,0,0,0,0,0,0,0,0,0,0,0,0,0,0,0,0,0,0,0,0.022666644,0.015005085,0.9459559,0.008909981,0.0074623204
1830,5_1830-05-19_p2_sn87062070_0039334295A_1830051901_0035,355,0,0,0,0,0,0,0,0,0,0,0,0,0,0,0,0,0,0,0,0,0,0,0,0,0,0,0,0,0.0062403823,0.0007896216,0.34835476,0.00046334817,0.64415187
1830,12_1830-10-07_p1_sn84020071_00414182938_1830100701_0353,340,0,0,0,0,0,0,0,0,0,0,0,0,0,0,0,0,0,0,0,0,0,0,0,0,0,0,0,0,0.005599551,0.0008387011,0.00061621435,0.00049408845,0.9924515
1830,3_1830-11-18_p1_sn84020071_00414182938_1830111801_0377,52,0,0,0,0,0,0,0,0,0,0,0,0,0,0,0,0,0,0,0,0,0,0,0,0,0,0,0,0,0.98219603,0.00621578,0.0046887533,0.0037521156,0.0031473874
1830,1_1830-11-04_p2_sn84020071_00414182938_1830110401_0370,433,0,0,0,0,0,0,0,0,0,0,0,0,0,0,0,0,0,0,0,0,0,0,0,0,0,0,0,0,0.319163,0.00067282916,0.0005024871,0.0004030228,0.6792587
1830,9_1830-03-11_p1_sn84020071_00414182938_1830031101_0233,356,0,0,0,0,0,0,0,0,0,0,0,0,0,0,0,0,0,0,0,0,0,0,0,0,0,0,0,0,0.0012707869,0.00073305576,0.015040737,0.00043898256,0.9825164
1830,13_1830-03-04_p1_sn84020071_00414182938_1830030401_0229,331,0,0,0,0,0,0,0,0,0,0,0,0,0,0,0,0,0,0,0,0,0,0,0,0,0,0,0,0,0.037999827,0.0008225655,0.00061184395,0.02261689,0.93794894
1830,1_1830-06-23_p1_sn87062070_0039334295A_1830062301_0054,56,0,0,0,0,0,0,0,0,0,0,0,0,0,0,0,0,0,0,0,0,0,0,0,0,0,0,0,0,0.006658002,0.004497696,0.9838103,0.0027377114,0.0022962564
1830,4_1830-12-22_p2_sn87062070_0039334295A_1830122201_0159,322,0,0,0,0,0,0,0,0,0,0,0,0,0,0,0,0,0,0,0,0,0,0,0,0,0,0,0,0,0.0016626223,0.00096633664,0.029544428,0.00057359535,0.967253
1830,6_1830-10-20_p1_sn87062070_0039334295A_1830102001_0122,312,0,0,0,0,0,0,0,0,0,0,0,0,0,0,0,0,0,0,0,0,0,0,0,0,0,0,0,0,0.033996526,0.0010862795,0.0007900632,0.00063205446,0.9634951
1830,6_1830-06-30_p2_sn87062070_0039334295A_1830063001_0059,273,0,0,0,0,0,0,0,0,0,0,0,0,0,0,0,0,0,0,0,0,0,0,0,0,0,0,0,0,0.20201184,0.0011194114,0.1330343,0.008620716,0.6552138
1830,5_1830-12-22_p3_sn87062070_0039334295A_1830122201_0160,130,0,0,0,0,0,0,0,0,0,0,0,0,0,0,0,0,0,0,0,0,0,0,0,0,0,0,0,0,0.0035909005,0.0021147795,0.0015761448,0.0012626565,0.99145555
1830,26_1830-06-17_p3_sn84020071_00414182938_1830061701_0291,17,0,0,0,0,0,0,0,0,0,0,0,0,0,0,0,0,0,0,0,0,0,0,0,0,0,0,0,0,0.9519892,0.01669114,0.0126156155,0.010170947,0.008533037
1830,2_1830-06-24_p2_sn84020071_00414182938_1830062401_0294,456,0,0,0,0,0,0,0,0,0,0,0,0,0,0,0,0,0,0,0,0,0,0,0,0,0,0,0,0,0.27836987,0.0556179,0.3259861,0.0004092014,0.33961698
1830,29_1830-12-22_p3_sn87062070_0039334295A_1830122201_0160,41,0,0,0,0,0,0,0,0,0,0,0,0,0,0,0,0,0,0,0,0,0,0,0,0,0,0,0,0,0.27831542,0.09407484,0.0059010154,0.004753131,0.6169555
1830,19_1830-05-06_p1_sn84020071_00414182938_1830050601_0265,126,0,0,0,0,0,0,0,0,0,0,0,0,0,0,0,0,0,0,0,0,0,0,0,0,0,0,0,0,0.5428044,0.0020941908,0.080043636,0.0012407922,0.37381703
1830,19_1830-11-03_p3_sn87062070_0039334295A_1830110301_0132,26,0,0,0,0,0,0,0,0,0,0,0,0,0,0,0,0,0,0,0,0,0,0,0,0,0,0,0,0,0.024188692,0.1557125,0.22501935,0.008906063,0.5861734
1830,19_1830-10-07_p3_sn84020071_00414182938_1830100701_0355,52,0,0,0,0,0,0,0,0,0,0,0,0,0,0,0,0,0,0,0,0,0,0,0,0,0,0,0,0,0.0070733014,0.9844754,0.0034147613,0.002739727,0.0022968408
1830,3_1830-07-01_p2_sn84020071_00414182938_1830070101_0298,446,0,0,0,0,0,0,0,0,0,0,0,0,0,0,0,0,0,0,0,0,0,0,0,0,0,0,0,0,0.0009120647,0.79689133,0.13587676,0.00035596316,0.0659639
1830,13_1830-05-26_p2_sn87062070_0039334295A_1830052601_0039,2,0,0,0,0,0,0,0,0,0,0,0,0,0,0,0,0,0,0,0,0,0,0,0,0,0,0,0,0,0.3328376,0.22998515,0.175693,0.14213863,0.11934564
1830,6_1830-04-14_p4_sn87062070_0039334295A_1830041401_0017,67,0,0,0,0,0,0,0,0,0,0,0,0,0,0,0,0,0,0,0,0,0,0,0,0,0,0,0,0,0.1782394,0.814178,0.0030643172,0.0024583132,0.002059955
1830,4_1830-12-16_p1_sn84020071_00414182938_1830121601_0393,407,0,0,0,0,0,0,0,0,0,0,0,0,0,0,0,0,0,0,0,0,0,0,0,0,0,0,0,0,0.0010076575,0.0006557871,0.002641163,0.00039123427,0.99530417
1830,2_1830-10-14_p1_sn84020071_00414182938_1830101401_0357,361,0,0,0,0,0,0,0,0,0,0,0,0,0,0,0,0,0,0,0,0,0,0,0,0,0,0,0,0,0.0013805813,0.01703897,0.00059630454,0.00047726606,0.98050684
1830,28_1830-01-07_p3_sn84020071_00414182938_1830010701_0199,47,0,0,0,0,0,0,0,0,0,0,0,0,0,0,0,0,0,0,0,0,0,0,0,0,0,0,0,0,0.9798987,0.0070845126,0.005292615,0.004206225,0.003517882
1830,27_1830-05-13_p1_sn84020071_00414182938_1830051301_0269,49,0,0,0,0,0,0,0,0,0,0,0,0,0,0,0,0,0,0,0,0,0,0,0,0,0,0,0,0,0.32419744,0.41746464,0.25208884,0.003404137,0.002844973
1830,30_1830-10-13_p4_sn87062070_0039334295A_1830101301_0121,79,0,0,0,0,0,0,0,0,0,0,0,0,0,0,0,0,0,0,0,0,0,0,0,0,0,0,0,0,0.0056239637,0.0037432516,0.00274721,0.98604727,0.0018382058
1830,3_1830-10-14_p4_sn84020071_00414182938_1830101401_0360,192,0,0,0,0,0,0,0,0,0,0,0,0,0,0,0,0,0,0,0,0,0,0,0,0,0,0,0,0,0.031899225,0.0015138519,0.0011176803,0.09225055,0.87321866
1830,4_1830-05-27_p2_sn84020071_00414182938_1830052701_0278,416,0,0,0,0,0,0,0,0,0,0,0,0,0,0,0,0,0,0,0,0,0,0,0,0,0,0,0,0,0.07612973,0.008366635,0.06686101,0.0004103107,0.84823227
1830,30_1830-12-09_p3_sn84020071_00414182938_1830120901_0391,74,0,0,0,0,0,0,0,0,0,0,0,0,0,0,0,0,0,0,0,0,0,0,0,0,0,0,0,0,0.15405561,0.83957154,0.002575007,0.0020658015,0.0017320055
1830,10_1830-07-28_p4_sn87062070_0039334295A_1830072801_0077,108,0,0,0,0,0,0,0,0,0,0,0,0,0,0,0,0,0,0,0,0,0,0,0,0,0,0,0,0,0.81867224,0.09182482,0.002065235,0.0016614565,0.08577622
1830,5_1830-05-26_p2_sn87062070_0039334295A_1830052601_0039,50,0,0,0,0,0,0,0,0,0,0,0,0,0,0,0,0,0,0,0,0,0,0,0,0,0,0,0,0,0.009529349,0.0061925678,0.070301056,0.0035641657,0.91041285
1830,11_1830-12-16_p1_sn84020071_00414182938_1830121601_0393,10,0,0,0,0,0,0,0,0,0,0,0,0,0,0,0,0,0,0,0,0,0,0,0,0,0,0,0,0,0.03859271,0.022099005,0.91550064,0.012941491,0.010866143
1830,3_1830-09-08_p1_sn87062070_0039334295A_1830090801_0098,52,0,0,0,0,0,0,0,0,0,0,0,0,0,0,0,0,0,0,0,0,0,0,0,0,0,0,0,0,0.006941494,0.004717972,0.9831053,0.0028471167,0.0023881241
1830,3_1830-03-04_p4_sn84020071_00414182938_1830030401_0232,66,0,0,0,0,0,0,0,0,0,0,0,0,0,0,0,0,0,0,0,0,0,0,0,0,0,0,0,0,0.037275672,0.9555162,0.002908137,0.0023398625,0.001960127
1830,24_1830-09-22_p3_sn87062070_0039334295A_1830092201_0108,18,0,0,0,0,0,0,0,0,0,0,0,0,0,0,0,0,0,0,0,0,0,0,0,0,0,0,0,0,0.3377896,0.015939077,0.6287815,0.009518053,0.007971867
1830,8_1830-01-07_p4_sn84020071_00414182938_1830010701_0200,37,0,0,0,0,0,0,0,0,0,0,0,0,0,0,0,0,0,0,0,0,0,0,0,0,0,0,0,0,0.07920162,0.8218462,0.091014326,0.0043166117,0.0036212634
1830,15_1830-05-12_p4_sn87062070_0039334295A_1830051201_0033,195,0,0,0,0,0,0,0,0,0,0,0,0,0,0,0,0,0,0,0,0,0,0,0,0,0,0,0,0,0.64047533,0.0017815017,0.001306033,0.0010503646,0.3553868
1830,14_1830-12-15_p1_sn87062070_0039334295A_1830121501_0154,179,0,0,0,0,0,0,0,0,0,0,0,0,0,0,0,0,0,0,0,0,0,0,0,0,0,0,0,0,0.41725534,0.0020504864,0.0015083544,0.0012105252,0.57797533
1830,41_1830-09-01_p4_sn87062070_0039334295A_1830090101_0097,28,0,0,0,0,0,0,0,0,0,0,0,0,0,0,0,0,0,0,0,0,0,0,0,0,0,0,0,0,0.047935918,0.76294255,0.02200464,0.15218934,0.014927576
1830,49_1830-10-27_p4_sn87062070_0039334295A_1830102701_0129,98,0,0,0,0,0,0,0,0,0,0,0,0,0,0,0,0,0,0,0,0,0,0,0,0,0,0,0,0,0.0037045577,0.0025427707,0.0018770199,0.99061865,0.0012569523
1830,1_1830-08-04_p4_sn87062070_0039334295A_1830080401_0081,187,0,0,0,0,0,0,0,0,0,0,0,0,0,0,0,0,0,0,0,0,0,0,0,0,0,0,0,0,0.9949249,0.0017069039,0.0012762833,0.0010263115,0.0010654669
1830,8_1830-12-15_p1_sn87062070_0039334295A_1830121501_0154,50,0,0,0,0,0,0,0,0,0,0,0,0,0,0,0,0,0,0,0,0,0,0,0,0,0,0,0,0,0.8568885,0.13240048,0.004323454,0.0034744518,0.0029131204
1830,4_1830-10-14_p1_sn84020071_00414182938_1830101401_0357,355,0,0,0,0,0,0,0,0,0,0,0,0,0,0,0,0,0,0,0,0,0,0,0,0,0,0,0,0,0.019057453,0.0007827951,0.0005824365,0.0004689746,0.97910833
1830,12_1830-11-24_p4_sn87062070_0039334295A_1830112401_0145,34,0,0,0,0,0,0,0,0,0,0,0,0,0,0,0,0,0,0,0,0,0,0,0,0,0,0,0,0,0.013353856,0.9697933,0.006787178,0.005473873,0.004591803
1830,1_1830-05-06_p1_sn84020071_00414182938_1830050601_0265,68,0,0,0,0,0,0,0,0,0,0,0,0,0,0,0,0,0,0,0,0,0,0,0,0,0,0,0,0,0.005342111,0.0035746444,0.98711795,0.0021562781,0.001809015
1830,5_1830-10-27_p4_sn87062070_0039334295A_1830102701_0129,34,0,0,0,0,0,0,0,0,0,0,0,0,0,0,0,0,0,0,0,0,0,0,0,0,0,0,0,0,0.44356784,0.008085919,0.0060931826,0.538133,0.0041199876
